SortNum,Month,PISCES_ID,SampleID,Group,Class,MixSiar,MixSiarMonth,Species,Length_mm,Mass_g,PITnum,d13C_raw,d13C_corr,%C,d15N,%N,C/N,C/N>3.5,d13C_shift
1,Jun,189526,108063,Consumer,Fish,NA,NA,Onki,143,30.9,9.00E+14,-22.87115,-22.05637,35.64238,12.11642,10.06423,3.54149,TRUE,0.81478
2,Jun,189527,108064,Consumer,Fish,NA,NA,Onki,138,28,9.00E+14,-21.16246,-21.16246,30.2784,11.70117,8.87563,3.41141,FALSE,0
3,Jun,189528,108065,Consumer,Fish,NA,NA,Onki,142,28.8,9.00E+14,-20.68436,-20.68436,29.79803,13.28734,8.96714,3.32302,FALSE,0
4,Jun,189529,108067,Consumer,Fish,NA,NA,Onki,156,34.6,9.00E+14,-19.77436,-19.77436,27.57083,11.75463,8.28463,3.32795,FALSE,0
5,Jun,189530,108069,Consumer,Fish,NA,NA,Onki,137,23.5,9.00E+14,-19.95575,-19.95575,29.24316,12.61573,9.07457,3.22254,FALSE,0
6,Jun,189531,108071,Consumer,Fish,NA,NA,Onki,154,35.1,9.00E+14,-20.81512,-20.81512,32.41365,12.41945,9.6461,3.36029,FALSE,0
7,Jun,189532,108072,Consumer,Fish,NA,NA,Onki,154,36.5,9.00E+14,-19.98101,-19.98101,31.64524,12.53706,9.35758,3.38177,FALSE,0
8,Jun,189533,108074,Consumer,Fish,NA,NA,Onki,144,27.7,9.00E+14,-20.3757,-20.3757,26.51435,11.38775,7.96285,3.32976,FALSE,0
9,Jun,189534,108076,Consumer,Fish,NA,NA,Onki,139,26.3,9.00E+14,-20.66916,-20.66916,28.97454,11.81706,8.69731,3.33144,FALSE,0
10,Jun,189535,108077,Consumer,Fish,NA,NA,Onki,153,34.7,9.00E+14,-19.83962,-19.83962,30.29182,12.36367,9.17151,3.30282,FALSE,0
11,Jun,189536,108079,Consumer,Fish,NA,NA,Onki,156,35.1,9.00E+14,-19.24515,-19.24515,28.36052,12.44937,8.69127,3.2631,FALSE,0
12,Jun,189537,108080,Consumer,Fish,NA,NA,Onki,149,31.7,9.00E+14,-20.75969,-20.75969,32.06729,12.00641,9.45402,3.39192,FALSE,0
13,Jun,189538,108081,Consumer,Fish,NA,NA,Onki,151,33.5,9.00E+14,-20.87406,-20.87406,31.89228,12.47404,9.60469,3.32049,FALSE,0
14,Jun,189539,108085,Consumer,Fish,NA,NA,Onki,142,25.2,9.00E+14,-20.1112,-20.1112,35.72085,12.92458,10.43859,3.422,FALSE,0
15,Jun,189540,108087,Consumer,Fish,NA,NA,Onki,144,28.4,9.00E+14,-19.44942,-19.44942,25.07109,11.98781,7.72682,3.24469,FALSE,0
16,Jun,189541,108090,Consumer,Fish,NA,NA,Onki,139,25.3,9.00E+14,-21.08858,-21.08858,32.34007,12.20592,9.60148,3.36824,FALSE,0
17,Jun,189542,108092,Consumer,Fish,NA,NA,Onki,143,29.6,9.00E+14,-19.43714,-19.43714,29.15733,12.17791,9.0829,3.21014,FALSE,0
18,Jun,189543,108093,Consumer,Fish,NA,NA,Onki,141,30.1,9.00E+14,-20.21099,-20.21099,28.2004,11.80513,8.51175,3.31311,FALSE,0
19,Jun,189544,108095,Consumer,Fish,NA,NA,Onki,136,28.7,9.00E+14,-22.41304,-22.41304,31.01633,11.16953,9.12992,3.39722,FALSE,0
20,Jun,189545,108096,Consumer,Fish,NA,NA,Onki,153,31.9,9.00E+14,-19.04051,-19.04051,30.24782,11.53476,9.71224,3.1144,FALSE,0
21,Jun,189546,108106,Consumer,Fish,NA,NA,Onki,152,34.8,9.00E+14,-19.85253,-19.85253,35.2647,12.65049,10.42249,3.38352,FALSE,0
22,Jun,189548,108113,Consumer,Fish,NA,NA,Onki,156,39.3,9.00E+14,-20.88794,-20.88794,33.79569,12.19528,10.10631,3.34402,FALSE,0
23,Jun,189549,108115,Consumer,Fish,NA,NA,Onki,145,31.1,9.00E+14,-21.52555,-21.52555,34.75007,11.18053,10.10542,3.43876,FALSE,0
24,Jun,212245,108117,Consumer,Fish,NA,NA,Onki,137,27.4,9.00E+14,-23.98185,-23.98185,27.86868,11.14947,8.56021,3.25561,FALSE,0
25,Jun,189525,108118,Consumer,Fish,NA,NA,Onki,148,30,9.00E+14,-19.60508,-19.60508,28.67882,11.96878,8.97698,3.19471,FALSE,0
26,Jun,189550,108119,Consumer,Fish,NA,NA,Onki,150,30.7,9.00E+14,-20.61185,-20.61185,29.30782,11.45108,8.78417,3.33644,FALSE,0
27,Jun,212246,108123,Consumer,Fish,NA,NA,Onki,140,26.7,9.00E+14,-23.5225,-23.5225,31.96812,11.63036,9.71861,3.28937,FALSE,0
28,Jun,189553,108127,Consumer,Fish,NA,NA,Onki,132,23.3,9.00E+14,-19.64222,-19.64222,26.82589,11.54458,8.31621,3.22574,FALSE,0
29,Jun,189554,108128,Consumer,Fish,NA,NA,Onki,144,30.1,9.00E+14,-20.31894,-20.31894,27.65628,12.05167,8.51115,3.24942,FALSE,0
30,Jun,189555,108129,Consumer,Fish,NA,NA,Onki,144,30,9.00E+14,-19.00976,-19.00976,25.96505,12.17354,8.12109,3.19723,FALSE,0
31,Jun,189556,108130,Consumer,Fish,NA,NA,Onki,137,25.3,9.00E+14,-19.693,-19.693,30.18882,12.06358,8.97722,3.36282,FALSE,0
32,Jun,189557,108131,Consumer,Fish,NA,NA,Onki,137,25.3,9.00E+14,-19.36198,-19.36198,28.58587,12.43097,8.73387,3.27299,FALSE,0
33,Jun,189558,108132,Consumer,Fish,NA,NA,Onki,140,28.3,9.00E+14,-20.12521,-20.12521,29.40386,12.1126,8.66244,3.39441,FALSE,0
34,Jun,189559,108133,Consumer,Fish,NA,NA,Onki,154,33.3,9.00E+14,-21.02601,-21.02601,34.0533,11.76242,9.97874,3.41259,FALSE,0
35,Jun,189560,108134,Consumer,Fish,NA,NA,Onki,155,38.5,9.00E+14,-20.85943,-20.85943,34.12832,12.66339,9.86548,3.45937,FALSE,0
36,Jun,212248,108145,Consumer,Fish,NA,NA,Onki,118,15.6,9.00E+14,-23.18931,-23.18931,26.00726,10.54137,7.70309,3.37621,FALSE,0
37,Jun,223977,108062,Consumer,Fish,NA,NA,Onmy,172,49.9,9.00E+14,-21.87648,-21.87648,35.97259,12.09033,10.31536,3.48729,FALSE,0
38,Jun,223978,108066,Consumer,Fish,NA,NA,Onmy,156,45.3,9.00E+14,-19.56787,-19.56787,34.78197,12.03056,10.27064,3.38654,FALSE,0
39,Jun,223979,108068,Consumer,Fish,NA,NA,Onmy,156,44.2,9.00E+14,-21.35646,-20.56483,37.72246,11.74387,10.75696,3.5068,TRUE,0.79163
40,Jun,223980,108070,Consumer,Fish,NA,NA,Onmy,181,73.4,9.00E+14,-19.12565,-19.12565,33.65394,12.59714,10.02681,3.35639,FALSE,0
41,Jun,223981,108073,Consumer,Fish,NA,NA,Onmy,178,66.2,9.00E+14,-20.59389,-20.59389,34.92948,12.25639,10.3234,3.38353,FALSE,0
42,Jun,223982,108075,Consumer,Fish,NA,NA,Onmy,183,74.3,9.00E+14,-19.51648,-18.72382,36.92167,12.24448,10.52398,3.50834,TRUE,0.79266
43,Jun,223983,108078,Consumer,Fish,NA,NA,Onmy,187,71.5,9.00E+14,-19.49843,-19.49843,30.72091,12.31588,9.58173,3.2062,FALSE,0
44,Jun,223984,108082,Consumer,Fish,NA,NA,Onmy,164,50.7,9.00E+14,-19.98615,-19.98615,32.72818,12.19053,9.62323,3.40096,FALSE,0
45,Jun,223985,108083,Consumer,Fish,NA,NA,Onmy,156,43.4,9.00E+14,-22.81238,-22.00801,37.84545,11.0416,10.73359,3.52589,TRUE,0.80437
46,Jun,223986,108084,Consumer,Fish,NA,NA,Onmy,210,78.4,9.00E+14,-25.34566,-25.34566,30.63268,11.25524,9.53116,3.21395,FALSE,0
47,Jun,223987,108086,Consumer,Fish,NA,NA,Onmy,183,72.2,9.00E+14,-19.28349,-19.28349,30.41447,12.60445,8.9283,3.40652,FALSE,0
48,Jun,223988,108088,Consumer,Fish,NA,NA,Onmy,185,71.9,9.00E+14,-19.80681,-19.80681,34.66785,12.82492,10.26723,3.37655,FALSE,0
49,Jun,223989,108089,Consumer,Fish,NA,NA,Onmy,167,51.5,9.00E+14,-20.68631,-20.68631,31.73087,11.14353,9.7537,3.25321,FALSE,0
50,Jun,223990,108091,Consumer,Fish,NA,NA,Onmy,160,43.2,9.00E+14,-22.96912,-22.14924,37.04572,11.76789,10.43792,3.54915,TRUE,0.81988
51,Jun,223991,108094,Consumer,Fish,NA,NA,Onmy,165,52.5,9.00E+14,-20.28809,-20.28809,30.96688,12.26915,9.23766,3.35224,FALSE,0
52,Jun,223992,108097,Consumer,Fish,NA,NA,Onmy,162,49.9,9.00E+14,-21.15829,-21.15829,34.5086,12.1743,9.91139,3.48171,FALSE,0
53,Jun,223947,108098,Consumer,Fish,NA,NA,Onmy,141,25.9,9.00E+14,-21.78647,-21.78647,31.72203,12.48312,9.32656,3.40126,FALSE,0
54,Jun,223993,108099,Consumer,Fish,NA,NA,Onmy,132,26.4,9.00E+14,-22.27704,-22.27704,33.10534,11.72273,9.72718,3.40338,FALSE,0
55,Jun,223994,108100,Consumer,Fish,NA,NA,Onmy,155,39.1,9.00E+14,-20.27469,-20.27469,30.92895,11.97524,9.312,3.32141,FALSE,0
56,Jun,223995,108101,Consumer,Fish,NA,NA,Onmy,136,28.6,9.00E+14,-22.31879,-22.31879,30.85907,11.32866,8.94645,3.44931,FALSE,0
57,Jun,223996,108102,Consumer,Fish,NA,NA,Onmy,140,31.8,9.00E+14,-23.08204,-23.08204,35.78423,11.49868,10.35861,3.45454,FALSE,0
58,Jun,223997,108103,Consumer,Fish,NA,NA,Onmy,113,15.9,9.00E+14,-22.55859,-22.55859,38.29198,11.63017,11.05962,3.46232,FALSE,0
59,Jun,223998,108104,Consumer,Fish,NA,NA,Onmy,144,33.7,9.00E+14,-21.48604,-21.48604,31.55986,11.53909,9.67628,3.26157,FALSE,0
60,Jun,223999,108107,Consumer,Fish,NA,NA,Onmy,122,20.9,9.00E+14,-22.79388,-22.79388,32.14761,11.99924,9.18711,3.49921,FALSE,0
61,Jun,224000,108108,Consumer,Fish,NA,NA,Onmy,182,70.1,9.00E+14,-20.51624,-20.51624,28.64209,12.00952,8.5597,3.34616,FALSE,0
62,Jun,224001,108110,Consumer,Fish,NA,NA,Onmy,151,38.1,9.00E+14,-21.71609,-21.71609,32.41627,11.64677,9.68876,3.34576,FALSE,0
63,Jun,224002,108111,Consumer,Fish,NA,NA,Onmy,137,32.5,9.00E+14,-23.50716,-22.7007,31.67837,10.97327,8.97655,3.52901,TRUE,0.80646
64,Jun,224003,108112,Consumer,Fish,NA,NA,Onmy,157,43.3,9.00E+14,-20.25017,-20.25017,34.65687,12.18378,10.03092,3.45501,FALSE,0
65,Jun,224005,108116,Consumer,Fish,NA,NA,Onmy,152,42.5,9.00E+14,-20.83029,-20.83029,36.81628,12.04586,10.63696,3.46117,FALSE,0
66,Jun,224006,108120,Consumer,Fish,NA,NA,Onmy,129,24.7,9.00E+14,-23.13597,-23.13597,31.89535,11.27543,9.20834,3.46375,FALSE,0
67,Jun,224007,108122,Consumer,Fish,NA,NA,Onmy,142,35.1,9.00E+14,-23.60641,-23.60641,32.92959,10.72834,9.65895,3.40923,FALSE,0
68,Jun,224008,108124,Consumer,Fish,NA,NA,Onmy,148,34.7,9.00E+14,-22.89551,-22.09284,33.48601,11.77911,9.50405,3.52334,TRUE,0.80267
69,Jun,224009,108125,Consumer,Fish,NA,NA,Onmy,137,30.9,9.00E+14,-21.88634,-21.0872,32.41696,11.56883,9.21448,3.51804,TRUE,0.79914
70,Jun,224010,108126,Consumer,Fish,NA,NA,Onmy,117,17.6,9.00E+14,-22.44025,-22.44025,29.86054,11.37851,9.14123,3.26658,FALSE,0
71,Jun,224011,108135,Consumer,Fish,NA,NA,Onmy,134,26.1,9.00E+14,-22.42482,-21.5761,32.24075,12.46946,8.97452,3.59248,TRUE,0.84872
72,Jun,224012,108136,Consumer,Fish,NA,NA,Onmy,155,42,9.00E+14,-23.12581,-21.88438,35.34608,12.05879,8.43199,4.1919,TRUE,1.24143
73,Jun,224013,108137,Consumer,Fish,NA,NA,Onmy,172,61.4,9.00E+14,-20.99732,-19.91228,36.4365,12.09202,9.22192,3.95107,TRUE,1.08504
74,Jun,224014,108138,Consumer,Fish,NA,NA,Onmy,174,63.1,9.00E+14,-21.35814,-19.98584,38.04959,12.14163,8.65624,4.39562,TRUE,1.3723
75,Jun,224015,108139,Consumer,Fish,NA,NA,Onmy,152,36.4,9.00E+14,-22.79737,-21.61404,32.59382,12.41485,7.94567,4.10209,TRUE,1.18333
76,Jun,224017,108140,Consumer,Fish,NA,NA,Onmy,160,49.7,9.00E+14,-21.08875,-19.9574,39.09324,12.11323,9.71964,4.02209,TRUE,1.13135
77,Jun,224018,108141,Consumer,Fish,NA,NA,Onmy,145,38,9.00E+14,-21.17364,-19.82056,42.18524,11.5243,9.66315,4.36558,TRUE,1.35308
78,Jun,224022,108142,Consumer,Fish,NA,NA,Onmy,175,62.6,9.00E+14,-19.16811,-18.32353,34.8251,12.37604,9.71073,3.58625,TRUE,0.84458
79,Jun,224025,108143,Consumer,Fish,NA,NA,Onmy,155,43.9,9.00E+14,-22.50358,-21.68636,33.56222,11.28142,9.46707,3.54515,TRUE,0.81722
80,Jun,224027,108144,Consumer,Fish,NA,NA,Onmy,160,45.4,9.00E+14,-23.86684,-23.86684,36.11664,10.78513,10.32329,3.49856,FALSE,0
81,Jun,224043,108146,Consumer,Fish,NA,NA,Onmy,134,29.2,9.00E+14,-22.03865,-21.07238,38.57035,12.44405,10.23072,3.77005,TRUE,0.96627
82,Jun,224044,108147,Consumer,Fish,NA,NA,Onmy,140,28.8,9.00E+14,-23.87785,-22.98947,34.24425,10.57505,9.3763,3.65221,TRUE,0.88838
83,Jun,224045,108148,Consumer,Fish,NA,NA,Onmy,167,57.3,9.00E+14,-21.32586,-20.14406,35.79744,11.71685,8.73165,4.09973,TRUE,1.1818
84,Jun,224046,108149,Consumer,Fish,NA,NA,Onmy,139,32.5,9.00E+14,-24.83004,-23.4576,36.07837,10.41567,8.20736,4.39585,TRUE,1.37244
85,Jun,224047,108150,Consumer,Fish,NA,NA,Onmy,150,38.5,9.00E+14,-21.2379,-20.15994,35.74528,12.28252,9.07188,3.94023,TRUE,1.07796
86,Jun,224049,108151,Consumer,Fish,NA,NA,Onmy,152,38.3,9.00E+14,-22.53006,-21.41122,38.81523,11.55468,9.69683,4.00288,TRUE,1.11884
87,Jun,224050,108152,Consumer,Fish,NA,NA,Onmy,144,33.3,9.00E+14,-21.80702,-20.57785,39.55031,11.91929,9.47787,4.17291,TRUE,1.22917
88,Jun,224051,108153,Consumer,Fish,NA,NA,Onmy,134,28.9,9.00E+14,-22.79882,-21.94734,34.57889,13.57808,9.61425,3.59663,TRUE,0.85148
89,Jun,224053,108155,Consumer,Fish,NA,NA,Onmy,156,42.3,9.00E+14,-22.11573,-21.31282,35.20514,11.65002,9.99096,3.5237,TRUE,0.80291
90,Jun,224054,108156,Consumer,Fish,NA,NA,Onmy,131,26.7,9.00E+14,-23.52172,-23.52172,32.94931,11.67734,9.41433,3.49991,FALSE,0
91,Jun,224055,108157,Consumer,Fish,NA,NA,Onmy,160,47.6,9.00E+14,-22.41948,-21.6174,32.69179,11.90545,9.28098,3.52245,TRUE,0.80208
92,Jun,224057,108159,Consumer,Fish,NA,NA,Onmy,222,99.1,9.00E+14,-22.93448,-22.93448,33.86279,12.26365,9.69066,3.49438,FALSE,0
97,Jul,189598,107847,Consumer,Fish,Mixture,7,Onki,152,45,9.00E+14,-23.06208,-23.06208,30.69765,12.35101,9.14387,3.35718,FALSE,0
111,Jul,189599,107888,Consumer,Fish,Mixture,7,Onki,166,44.8,9.00E+14,-22.48184,-22.48184,29.93694,12.49636,8.95268,3.34391,FALSE,0
113,Jul,189600,107945,Consumer,Fish,Mixture,7,Onki,130,24.2,9.00E+14,-24.01326,-24.01326,27.85314,12.27111,8.5571,3.25497,FALSE,0
114,Jul,189602,107948,Consumer,Fish,Mixture,7,Onki,128,21.7,9.00E+14,-22.51452,-22.51452,29.6782,12.17074,8.90129,3.33415,FALSE,0
115,Jul,189603,107952,Consumer,Fish,Mixture,7,Onki,155,38.6,9.00E+14,-22.07309,-22.07309,32.32037,13.2786,9.64418,3.35128,FALSE,0
116,Jul,189604,107953,Consumer,Fish,Mixture,7,Onki,161,41.8,9.00E+14,-22.09819,-22.09819,30.75529,13.31921,9.1936,3.34529,FALSE,0
117,Jul,189605,107954,Consumer,Fish,Mixture,7,Onki,155,39,9.00E+14,-22.9735,-22.16064,49.24149,11.96054,13.91547,3.53862,TRUE,0.81286
118,Jul,189606,107955,Consumer,Fish,Mixture,7,Onki,162,43.1,9.00E+14,-21.12865,-21.12865,29.13712,13.5948,8.76079,3.32585,FALSE,0
119,Jul,189607,107956,Consumer,Fish,Mixture,7,Onki,132,23.8,9.00E+14,-24.21894,-24.21894,28.72336,12.25081,8.598,3.3407,FALSE,0
120,Jul,189608,107957,Consumer,Fish,Mixture,7,Onki,153,34.9,9.00E+14,-22.25244,-22.25244,29.52497,11.78979,8.84564,3.3378,FALSE,0
121,Jul,189609,107959,Consumer,Fish,Mixture,7,Onki,174,45,9.00E+14,-23.18223,-23.18223,31.48331,13.64603,9.39856,3.3498,FALSE,0
122,Jul,212520,107962,Consumer,Fish,Mixture,7,Onki,126,22.4,9.00E+14,-21.39577,-21.39577,27.78391,12.98798,8.3558,3.32511,FALSE,0
123,Jul,189612,107967,Consumer,Fish,Mixture,7,Onki,164,46.7,9.00E+14,-23.65932,-22.8662,41.11864,12.40192,11.71794,3.50903,TRUE,0.79312
124,Jul,212522,107974,Consumer,Fish,Mixture,7,Onki,139,26.4,9.00E+14,-20.11003,-20.11003,11.66386,10.76427,3.40328,3.42725,FALSE,0
125,Jul,212523,107976,Consumer,Fish,Mixture,7,Onki,119,18.6,9.00E+14,-23.47745,-23.47745,28.36494,13.25309,8.39206,3.37997,FALSE,0
126,Jul,189613,107979,Consumer,Fish,Mixture,7,Onki,170,49.2,9.00E+14,-21.27561,-20.48036,39.36956,12.40049,11.20934,3.51221,TRUE,0.79525
128,Jul,189620,107994,Consumer,Fish,Mixture,7,Onki,156,38.4,9.00E+14,-22.5738,-22.5738,36.22889,13.72576,10.50082,3.4501,FALSE,0
129,Jul,189621,107999,Consumer,Fish,Mixture,7,Onki,159,41.9,9.00E+14,-22.56233,-21.76451,36.47169,12.9092,10.37284,3.51607,TRUE,0.79782
130,Jul,189622,108003,Consumer,Fish,Mixture,7,Onki,158,37.7,9.00E+14,-21.371,-21.371,27.16507,13.22892,8.26639,3.28621,FALSE,0
131,Jul,189623,108004,Consumer,Fish,Mixture,7,Onki,164,46.8,9.00E+14,-22.06081,-22.06081,28.00972,13.21029,8.63875,3.24233,FALSE,0
132,Jul,189624,108006,Consumer,Fish,Mixture,7,Onki,162,46.7,9.00E+14,-20.98937,-20.98937,25.85844,13.14436,8.16414,3.16732,FALSE,0
133,Jul,189625,108009,Consumer,Fish,Mixture,7,Onki,160,39.7,9.00E+14,-21.44123,-21.44123,29.02992,12.77192,8.49556,3.41707,FALSE,0
134,Jul,189627,108033,Consumer,Fish,Mixture,7,Onki,148,35.5,9.00E+14,-21.819,-21.819,31.91039,13.39153,9.46201,3.37247,FALSE,0
135,Jul,189628,108047,Consumer,Fish,Mixture,7,Onki,166,47.2,9.00E+14,-22.97906,-22.97906,34.63289,12.38924,10.01775,3.45715,FALSE,0
154,Jul,224538,107949,Consumer,Fish,Mixture,7,Onmy,190,79.6,9.00E+14,-23.84542,-23.84542,51.86557,11.70208,15.04795,3.44669,FALSE,0
155,Jul,224539,107950,Consumer,Fish,Mixture,7,Onmy,164,54.4,9.00E+14,-21.93146,-21.93146,41.01959,14.15114,11.95472,3.43125,FALSE,0
156,Jul,224540,107951,Consumer,Fish,Mixture,7,Onmy,212,114.9,9.00E+14,-20.10508,-20.10508,34.71365,13.01527,10.29884,3.37064,FALSE,0
157,Jul,224541,107958,Consumer,Fish,Mixture,7,Onmy,200,95,9.00E+14,-21.20175,-20.38033,35.7453,13.03789,10.06495,3.55146,TRUE,0.82142
159,Jul,224542,107964,Consumer,Fish,Mixture,7,Onmy,144,36.2,9.00E+14,-23.24484,-22.38197,36.15765,11.95582,10.00551,3.61377,TRUE,0.86287
160,Jul,224543,107965,Consumer,Fish,Mixture,7,Onmy,156,44.9,9.00E+14,-23.00949,-23.00949,30.60118,11.50812,9.39899,3.25579,FALSE,0
161,Jul,224544,107966,Consumer,Fish,Mixture,7,Onmy,218,125.9,9.00E+14,-21.49234,-20.65117,40.98825,12.56728,11.4456,3.58113,TRUE,0.84117
162,Jul,224545,107968,Consumer,Fish,Mixture,7,Onmy,164,53,9.00E+14,-21.76099,-20.89697,39.95796,12.14256,11.05186,3.6155,TRUE,0.86402
163,Jul,224546,107969,Consumer,Fish,Mixture,7,Onmy,155,40.9,9.00E+14,-22.67431,-21.88224,39.00671,12.00153,11.12111,3.50745,TRUE,0.79207
164,Jul,224549,107975,Consumer,Fish,Mixture,7,Onmy,158,47,9.00E+14,-23.77345,-22.96572,35.1413,11.92776,9.95245,3.53092,TRUE,0.80773
165,Jul,224550,107978,Consumer,Fish,Mixture,7,Onmy,205,104.9,9.00E+14,-21.47297,-20.62897,36.17909,13.06575,10.09072,3.58538,TRUE,0.844
166,Jul,224556,107993,Consumer,Fish,Mixture,7,Onmy,146,36.4,9.00E+14,-22.90597,-22.09809,37.48595,12.19596,10.61581,3.53114,TRUE,0.80788
167,Jul,224557,107995,Consumer,Fish,Mixture,7,Onmy,158,46.8,9.00E+14,-22.45075,-22.45075,33.44389,11.89476,9.88755,3.38242,FALSE,0
168,Jul,224558,107996,Consumer,Fish,Mixture,7,Onmy,144,35.1,9.00E+14,-22.91709,-22.91709,33.03327,11.92823,9.62142,3.43331,FALSE,0
169,Jul,224559,107997,Consumer,Fish,Mixture,7,Onmy,193,81.9,9.00E+14,-23.24883,-22.39293,36.67038,12.23906,10.17694,3.60328,TRUE,0.8559
170,Jul,224560,107998,Consumer,Fish,Mixture,7,Onmy,146,36,9.00E+14,-23.46056,-22.67241,37.65846,11.55652,10.75471,3.50158,TRUE,0.78815
171,Jul,224561,108000,Consumer,Fish,Mixture,7,Onmy,161,47.8,9.00E+14,-23.39987,-22.57883,38.08548,12.65341,10.72561,3.55089,TRUE,0.82104
172,Jul,224562,108001,Consumer,Fish,Mixture,7,Onmy,190,76,9.00E+14,-22.4295,-22.4295,38.90516,12.48882,11.26959,3.45222,FALSE,0
173,Jul,224563,108002,Consumer,Fish,Mixture,7,Onmy,182,71.8,9.00E+14,-22.8887,-22.03215,42.76362,12.50705,11.86479,3.60425,TRUE,0.85655
174,Jul,224564,108005,Consumer,Fish,Mixture,7,Onmy,163,46.3,9.00E+14,-22.86477,-22.86477,33.49975,12.29939,9.6092,3.48622,FALSE,0
175,Jul,224565,108007,Consumer,Fish,Mixture,7,Onmy,198,92,9.00E+14,-22.70162,-22.70162,40.29518,12.49273,11.51665,3.49886,FALSE,0
176,Jul,224566,108008,Consumer,Fish,Mixture,7,Onmy,156,46.7,9.00E+14,-24.45141,-24.45141,32.99449,11.37102,9.7466,3.38523,FALSE,0
177,Jul,224567,108010,Consumer,Fish,Mixture,7,Onmy,200,93.8,9.00E+14,-22.17053,-21.29929,41.16334,12.04738,11.3511,3.62637,TRUE,0.87124
180,Jul,224573,108016,Consumer,Fish,Mixture,7,Onmy,138,28.8,9.00E+14,-23.05266,-23.05266,33.42365,11.48022,9.79893,3.41095,FALSE,0
181,Jul,224574,108017,Consumer,Fish,Mixture,7,Onmy,335,0,9.00E+14,-20.37016,-20.37016,32.01923,12.85481,9.76804,3.27796,FALSE,0
185,Jul,224594,108040,Consumer,Fish,Mixture,7,Onmy,160,48.9,9.00E+14,-23.27402,-22.4296,42.97552,12.15121,11.98423,3.58601,TRUE,0.84442
186,Jul,224595,108041,Consumer,Fish,Mixture,7,Onmy,189,80.9,9.00E+14,-22.63351,-21.81363,40.1345,12.56825,11.30825,3.54914,TRUE,0.81988
187,Jul,224596,108042,Consumer,Fish,Mixture,7,Onmy,143,33.7,9.00E+14,-25.31241,-25.31241,32.99905,11.29287,9.89498,3.33493,FALSE,0
188,Jul,224597,108043,Consumer,Fish,Mixture,7,Onmy,156,46.8,9.00E+14,-25.21585,-25.21585,25.68313,11.112,7.39551,3.4728,FALSE,0
189,Jul,224598,108044,Consumer,Fish,Mixture,7,Onmy,195,88.6,9.00E+14,-22.64303,-21.84484,39.33977,12.28403,11.18681,3.51662,TRUE,0.79819
190,Jul,224599,108045,Consumer,Fish,Mixture,7,Onmy,178,68.6,9.00E+14,-22.79032,-21.97218,37.8619,11.98438,10.67572,3.54654,TRUE,0.81814
191,Jul,224600,108046,Consumer,Fish,Mixture,7,Onmy,169,62.2,9.00E+14,-22.02433,-22.02433,33.76756,12.18057,9.85589,3.42613,FALSE,0
192,Jul,224601,108048,Consumer,Fish,Mixture,7,Onmy,182,74.1,9.00E+14,-24.4772,-23.62616,40.99357,11.68304,11.39991,3.59596,TRUE,0.85104
193,Jul,224602,108049,Consumer,Fish,Mixture,7,Onmy,201,91.9,9.00E+14,-23.96867,-23.96867,36.87312,12.00046,10.63792,3.4662,FALSE,0
194,Jul,224603,108050,Consumer,Fish,Mixture,7,Onmy,164,49.9,9.00E+14,-25.54639,-25.54639,36.24072,11.54394,10.36173,3.49756,FALSE,0
195,Jul,224604,108051,Consumer,Fish,Mixture,7,Onmy,153,43.9,9.00E+14,-23.53921,-23.53921,37.37429,12.30454,10.76797,3.47088,FALSE,0
196,Jul,224605,108052,Consumer,Fish,Mixture,7,Onmy,186,79.6,9.00E+14,-23.83222,-23.03367,33.65512,11.82719,9.56883,3.51716,TRUE,0.79855
197,Jul,224606,108053,Consumer,Fish,Mixture,7,Onmy,154,44,9.00E+14,-22.28665,-22.28665,33.80303,12.35936,10.12987,3.33697,FALSE,0
201,Aug,189651,121299,Consumer,Fish,Mixture,8,Onki,168,49.5,9.00E+14,-24.37217,-24.37217,30.53106,12.95489,9.3097,3.27949,FALSE,0
202,Aug,189652,121332,Consumer,Fish,Mixture,8,Onki,158,39.2,9.00E+14,-22.19588,-22.19588,30.25048,13.49057,9.00153,3.36059,FALSE,0
203,Aug,189653,121333,Consumer,Fish,Mixture,8,Onki,154,36.5,9.00E+14,-22.63904,-22.63904,29.25141,13.91977,8.74566,3.34468,FALSE,0
204,Aug,189654,121335,Consumer,Fish,Mixture,8,Onki,155,34.6,9.00E+14,-22.45879,-22.45879,28.72613,13.58996,8.72026,3.29418,FALSE,0
205,Aug,189655,121355,Consumer,Fish,Mixture,8,Onki,173,55,9.00E+14,-22.32654,-22.32654,26.15385,12.76992,8.05533,3.24678,FALSE,0
206,Aug,224669,121296,Consumer,Fish,Mixture,8,Onmy,160,52.8,9.00E+14,-23.42066,-22.57412,31.31411,10.84197,8.72454,3.5892,TRUE,0.84654
207,Aug,224670,121297,Consumer,Fish,Mixture,8,Onmy,145,35.7,9.00E+14,-25.77122,-25.77122,29.79737,10.5362,9.02177,3.30283,FALSE,0
208,Aug,224671,121298,Consumer,Fish,Mixture,8,Onmy,200,96.5,9.00E+14,-23.18014,-23.18014,39.69036,12.41921,11.69442,3.39396,FALSE,0
209,Aug,224672,121300,Consumer,Fish,Mixture,8,Onmy,170,60.8,9.00E+14,-24.60554,-24.60554,33.54363,11.36525,10.27073,3.26594,FALSE,0
210,Aug,224673,121301,Consumer,Fish,Mixture,8,Onmy,166,56,9.00E+14,-24.87078,-24.87078,40.95045,12.34509,12.05422,3.39719,FALSE,0
211,Aug,224674,121302,Consumer,Fish,Mixture,8,Onmy,198,92.3,9.00E+14,-22.62254,-22.62254,35.35996,12.95062,10.63637,3.32444,FALSE,0
212,Aug,224675,121303,Consumer,Fish,Mixture,8,Onmy,174,63.4,9.00E+14,-23.5322,-23.5322,32.5637,12.35629,10.05294,3.23922,FALSE,0
213,Aug,224676,121304,Consumer,Fish,Mixture,8,Onmy,189,88.2,9.00E+14,-22.43773,-22.43773,36.65686,12.71564,11.42541,3.20836,FALSE,0
214,Aug,224677,121305,Consumer,Fish,Mixture,8,Onmy,222,128.8,9.00E+14,-23.65218,-23.65218,40.11975,12.67173,11.71936,3.42337,FALSE,0
215,Aug,224678,121307,Consumer,Fish,Mixture,8,Onmy,184,77.7,9.00E+14,-23.97088,-23.97088,35.82851,12.87883,10.65688,3.36201,FALSE,0
216,Aug,224680,121308,Consumer,Fish,Mixture,8,Onmy,176,70.7,9.00E+14,-24.33367,-24.33367,34.67633,12.21036,10.14552,3.4179,FALSE,0
217,Aug,224682,121309,Consumer,Fish,Mixture,8,Onmy,193,91.5,9.00E+14,-22.55116,-22.55116,35.42901,12.64322,10.90549,3.24873,FALSE,0
218,Aug,224681,121310,Consumer,Fish,Mixture,8,Onmy,168,61.4,9.00E+14,-24.10413,-24.10413,36.15978,12.27523,10.84535,3.33413,FALSE,0
219,Aug,224683,121311,Consumer,Fish,Mixture,8,Onmy,192,88.5,9.00E+14,-23.50204,-23.50204,33.76446,12.70756,10.22682,3.30156,FALSE,0
220,Aug,224684,121312,Consumer,Fish,Mixture,8,Onmy,172,61.4,9.00E+14,-22.94945,-22.94945,27.41182,12.86254,8.55802,3.20306,FALSE,0
221,Aug,224687,121315,Consumer,Fish,Mixture,8,Onmy,176,66,9.00E+14,-23.55748,-23.55748,34.95069,12.74928,10.81074,3.23296,FALSE,0
222,Aug,224689,121316,Consumer,Fish,Mixture,8,Onmy,165,57.2,9.00E+14,-24.23659,-24.23659,29.16698,11.66447,8.79015,3.31814,FALSE,0
223,Aug,224688,121317,Consumer,Fish,Mixture,8,Onmy,164,62.3,9.00E+14,-23.31777,-23.31777,31.49833,12.373,9.59742,3.28196,FALSE,0
224,Aug,224690,121319,Consumer,Fish,Mixture,8,Onmy,208,106.1,9.00E+14,-21.95458,-21.95458,35.37234,12.91709,10.4284,3.39192,FALSE,0
225,Aug,224691,121320,Consumer,Fish,Mixture,8,Onmy,184,78.6,9.00E+14,-23.12289,-23.12289,31.86273,12.41871,9.65322,3.30074,FALSE,0
226,Aug,224692,121321,Consumer,Fish,Mixture,8,Onmy,186,80.6,9.00E+14,-23.16919,-23.16919,34.01204,12.14511,10.33444,3.29113,FALSE,0
227,Aug,224693,121322,Consumer,Fish,Mixture,8,Onmy,202,94.7,9.00E+14,-22.15075,-22.15075,30.87094,12.54077,9.65981,3.19581,FALSE,0
228,Aug,224696,121324,Consumer,Fish,Mixture,8,Onmy,172,65.4,9.00E+14,-24.09392,-24.09392,36.45361,12.14099,10.80809,3.37281,FALSE,0
229,Aug,224695,121325,Consumer,Fish,Mixture,8,Onmy,202,103.2,9.00E+14,-22.36442,-22.36442,31.5973,12.85194,9.4488,3.34405,FALSE,0
230,Aug,224704,121336,Consumer,Fish,Mixture,8,Onmy,149,40.4,9.00E+14,-25.75057,-25.75057,37.49439,10.85634,11.13191,3.36819,FALSE,0
231,Aug,224705,121337,Consumer,Fish,Mixture,8,Onmy,178,62.9,9.00E+14,-24.10898,-24.10898,38.38762,12.43968,11.63666,3.29885,FALSE,0
232,Aug,224706,121338,Consumer,Fish,Mixture,8,Onmy,165,58,9.00E+14,-22.78215,-22.78215,32.89839,12.08391,9.98948,3.2933,FALSE,0
233,Aug,224710,121342,Consumer,Fish,Mixture,8,Onmy,147,39.9,9.00E+14,-24.11091,-24.11091,32.64737,11.97258,9.75339,3.34729,FALSE,0
234,Aug,224715,121347,Consumer,Fish,Mixture,8,Onmy,211,121.2,9.00E+14,-22.56379,-22.56379,33.89824,13.73838,10.12522,3.3479,FALSE,0
235,Aug,224717,121349,Consumer,Fish,Mixture,8,Onmy,179,69.4,9.00E+14,-22.86735,-22.86735,35.33342,12.72447,10.46221,3.37724,FALSE,0
236,Aug,224718,121350,Consumer,Fish,Mixture,8,Onmy,160,53.4,9.00E+14,-23.32626,-23.32626,31.76786,12.32567,9.76241,3.2541,FALSE,0
237,Aug,224719,121351,Consumer,Fish,Mixture,8,Onmy,203,110.2,9.00E+14,-23.09326,-23.09326,33.5628,13.19904,10.21265,3.28639,FALSE,0
238,Aug,224720,121352,Consumer,Fish,Mixture,8,Onmy,204,103.3,9.00E+14,-24.12127,-24.12127,40.30076,11.84667,11.70318,3.44357,FALSE,0
239,Aug,224662,121353,Consumer,Fish,Mixture,8,Onmy,157,49,9.00E+14,-24.76637,-24.76637,32.77213,11.8437,9.86567,3.32183,FALSE,0
240,Aug,224663,121354,Consumer,Fish,Mixture,8,Onmy,135,32.8,9.00E+14,-23.58569,-23.58569,31.0112,11.34786,9.34909,3.31703,FALSE,0
241,Aug,224722,121356,Consumer,Fish,Mixture,8,Onmy,158,53.3,9.00E+14,-24.26998,-24.26998,32.72425,11.69004,9.85312,3.32121,FALSE,0
242,Aug,224721,121357,Consumer,Fish,Mixture,8,Onmy,189,44,9.00E+14,-23.2272,-23.2272,36.38619,12.28875,10.98405,3.31264,FALSE,0
243,Aug,224726,121362,Consumer,Fish,Mixture,8,Onmy,170,61.2,9.00E+14,-22.71576,-22.71576,32.2087,12.30386,9.66473,3.3326,FALSE,0
244,Aug,224732,121368,Consumer,Fish,Mixture,8,Onmy,180,68.2,9.00E+14,-23.78899,-23.78899,35.71729,12.76758,10.87257,3.28508,FALSE,0
245,Aug,224734,121371,Consumer,Fish,Mixture,8,Onmy,191,91.9,9.00E+14,-23.32621,-23.32621,37.41669,12.72835,10.90789,3.43024,FALSE,0
246,Aug,224737,121373,Consumer,Fish,Mixture,8,Onmy,186,76.4,9.00E+14,-24.56849,-24.56849,37.31307,11.878,11.06759,3.37138,FALSE,0
247,Aug,224739,121375,Consumer,Fish,Mixture,8,Onmy,164,56.9,9.00E+14,-23.27056,-23.27056,32.20412,12.19023,9.99057,3.22345,FALSE,0
248,Aug,224740,121376,Consumer,Fish,Mixture,8,Onmy,184,77.8,9.00E+14,-23.36476,-23.36476,36.90979,12.3321,11.20166,3.29503,FALSE,0
249,Aug,224742,121379,Consumer,Fish,Mixture,8,Onmy,158,50.7,9.00E+14,-23.11647,-23.11647,27.11247,11.93801,8.08833,3.35205,FALSE,0
250,Aug,224744,121380,Consumer,Fish,Mixture,8,Onmy,232,152.2,9.00E+14,-21.1711,-21.1711,32.39702,12.85249,10.21519,3.17146,FALSE,0
251,Aug,224748,121384,Consumer,Fish,Mixture,8,Onmy,156,47,9.00E+14,-23.5231,-23.5231,32.29419,12.47805,9.76111,3.30845,FALSE,0
252,Aug,224749,121385,Consumer,Fish,Mixture,8,Onmy,168,63.3,9.00E+14,-22.3122,-22.3122,28.57118,12.37899,9.16176,3.11853,FALSE,0
254,Sep,189660,121435,Consumer,Fish,Mixture,9,Onki,167,43.9,9.00E+14,-24.02471,-24.02471,34.53648,14.25065,10.63336,3.24794,FALSE,0
255,Sep,212539,121438,Consumer,Fish,Mixture,9,Onki,157,44.5,9.00E+14,-26.62655,-26.62655,28.95643,12.05045,8.88439,3.25925,FALSE,0
256,Sep,189661,121443,Consumer,Fish,Mixture,9,Onki,173,54.9,9.00E+14,-22.75377,-22.75377,25.79553,13.29158,7.91478,3.25916,FALSE,0
257,Sep,189662,121444,Consumer,Fish,Mixture,9,Onki,158,38.7,9.00E+14,-23.19893,-23.19893,28.73337,13.00257,8.5952,3.34295,FALSE,0
258,Sep,189663,121448,Consumer,Fish,Mixture,9,Onki,154,43.5,9.00E+14,-24.33594,-23.47913,35.50827,12.62717,9.8507,3.60465,TRUE,0.85681
259,Sep,189664,121457,Consumer,Fish,Mixture,9,Onki,161,45,9.00E+14,-25.17551,-24.30514,35.88609,12.45011,9.89941,3.62507,TRUE,0.87037
260,Sep,189665,121458,Consumer,Fish,Mixture,9,Onki,152,43,9.00E+14,-24.68299,-24.68299,31.8522,13.18507,9.2511,3.44307,FALSE,0
261,Sep,189666,121461,Consumer,Fish,Mixture,9,Onki,164,40.2,9.00E+14,-24.7709,-24.7709,33.24179,12.65811,9.73882,3.41333,FALSE,0
262,Sep,189667,121467,Consumer,Fish,Mixture,9,Onki,180,61.9,9.00E+14,-25.33408,-25.33408,36.99315,12.24046,11.00306,3.36208,FALSE,0
263,Sep,189668,121478,Consumer,Fish,Mixture,9,Onki,160,39.4,9.00E+14,-25.79866,-25.79866,34.7788,12.40559,10.33005,3.36676,FALSE,0
264,Sep,189669,121508,Consumer,Fish,Mixture,9,Onki,163,42.8,9.00E+14,-23.01583,-23.01583,27.46188,13.77954,8.21048,3.34473,FALSE,0
265,Sep,189670,121518,Consumer,Fish,Mixture,9,Onki,175,56.2,9.00E+14,-26.5378,-26.5378,31.73554,12.72386,9.38946,3.37991,FALSE,0
266,Sep,212540,121521,Consumer,Fish,Mixture,9,Onki,164,48.6,9.00E+14,-27.4981,-27.4981,36.53246,12.49425,10.76685,3.39305,FALSE,0
267,Sep,189671,121526,Consumer,Fish,Mixture,9,Onki,155,34.5,9.00E+14,-23.76849,-23.76849,32.45207,13.02951,9.99863,3.24565,FALSE,0
268,Sep,224791,121431,Consumer,Fish,Mixture,9,Onmy,190,84,9.00E+14,-24.91994,-24.12847,40.20146,11.42495,11.46464,3.50656,TRUE,0.79147
269,Sep,224792,121432,Consumer,Fish,Mixture,9,Onmy,215,122.3,9.00E+14,-23.96497,-23.96497,51.00185,11.53891,14.96663,3.40771,FALSE,0
270,Sep,224793,121433,Consumer,Fish,Mixture,9,Onmy,186,77.3,9.00E+14,-24.41526,-24.41526,36.30349,10.91041,10.47522,3.46565,FALSE,0
271,Sep,224794,121434,Consumer,Fish,Mixture,9,Onmy,203,98.8,9.00E+14,-24.5082,-23.63904,31.69995,11.0387,8.74904,3.62325,TRUE,0.86916
273,Sep,224797,121439,Consumer,Fish,Mixture,9,Onmy,213,121.8,9.00E+14,-23.42531,-23.42531,35.52173,11.6519,10.92317,3.25196,FALSE,0
274,Sep,224798,121440,Consumer,Fish,Mixture,9,Onmy,200,100.5,9.00E+14,-24.27846,-24.27846,37.41306,11.44688,10.90106,3.43206,FALSE,0
275,Sep,224799,121441,Consumer,Fish,Mixture,9,Onmy,184,77.9,9.00E+14,-24.64073,-24.64073,34.84389,11.54702,10.21761,3.41018,FALSE,0
277,Sep,224801,121445,Consumer,Fish,Mixture,9,Onmy,126,25.8,9.00E+14,-25.93063,-25.93063,40.86283,9.67413,11.89098,3.43646,FALSE,0
278,Sep,224802,121446,Consumer,Fish,Mixture,9,Onmy,155,48.2,9.00E+14,-26.20117,-25.37439,40.41501,10.58071,11.35413,3.5595,TRUE,0.82678
279,Sep,224803,121447,Consumer,Fish,Mixture,9,Onmy,230,160.8,9.00E+14,-22.26308,-22.26308,30.45782,11.13722,9.18761,3.3151,FALSE,0
280,Sep,224804,121449,Consumer,Fish,Mixture,9,Onmy,127,24.8,9.00E+14,-26.27784,-25.4844,35.88387,11.05959,10.22477,3.5095,TRUE,0.79344
281,Sep,224805,121450,Consumer,Fish,Mixture,9,Onmy,182,77.8,9.00E+14,-23.40166,-23.40166,35.45873,11.55791,10.23406,3.46478,FALSE,0
282,Sep,224806,121451,Consumer,Fish,Mixture,9,Onmy,201,101.2,9.00E+14,-24.14734,-23.34503,38.69694,11.44857,10.98474,3.52279,TRUE,0.80231
283,Sep,224807,121452,Consumer,Fish,Mixture,9,Onmy,193,94.8,9.00E+14,-23.7627,-23.7627,34.19245,12.1321,10.32215,3.31253,FALSE,0
284,Sep,224808,121453,Consumer,Fish,Mixture,9,Onmy,129,27.7,9.00E+14,-25.58269,-24.70826,38.9946,10.57659,10.73881,3.63118,TRUE,0.87443
285,Sep,224809,121454,Consumer,Fish,Mixture,9,Onmy,162,54.4,9.00E+14,-25.23367,-25.23367,40.89352,10.76009,12.29143,3.327,FALSE,0
286,Sep,224810,121455,Consumer,Fish,Mixture,9,Onmy,117,18.8,9.00E+14,-27.64813,-27.64813,38.73109,9.72887,11.42114,3.39118,FALSE,0
287,Sep,224811,121456,Consumer,Fish,Mixture,9,Onmy,140,30.8,9.00E+14,-26.0401,-25.21288,40.25792,11.39525,11.30785,3.56017,TRUE,0.82722
288,Sep,224814,121462,Consumer,Fish,Mixture,9,Onmy,134,30.7,9.00E+14,-25.64922,-25.64922,37.01145,10.60151,11.1062,3.3325,FALSE,0
289,Sep,224815,121463,Consumer,Fish,Mixture,9,Onmy,139,34.4,9.00E+14,-27.15397,-27.15397,39.34656,9.52124,11.77506,3.34152,FALSE,0
295,Sep,224835,121486,Consumer,Fish,Mixture,9,Onmy,236,146.2,9.00E+14,-23.89342,-23.89342,35.76889,12.43278,10.3307,3.46239,FALSE,0
296,Sep,224836,121487,Consumer,Fish,Mixture,9,Onmy,221,138.6,9.00E+14,-27.74153,-26.92117,38.01821,11.09404,10.70977,3.54986,TRUE,0.82036
297,Sep,224837,121488,Consumer,Fish,Mixture,9,Onmy,171,59.5,9.00E+14,-26.83283,-26.83283,37.32596,10.4656,11.09518,3.36416,FALSE,0
298,Sep,224838,121489,Consumer,Fish,Mixture,9,Onmy,167,56.6,9.00E+14,-25.69292,-25.69292,34.88725,10.7228,10.20346,3.41916,FALSE,0
299,Sep,224839,121490,Consumer,Fish,Mixture,9,Onmy,219,118.5,9.00E+14,-24.04549,-24.04549,35.03778,11.87015,10.30986,3.39847,FALSE,0
301,Sep,224841,121492,Consumer,Fish,Mixture,9,Onmy,194,85.8,9.00E+14,-23.57346,-23.57346,32.5294,11.7544,10.22936,3.18,FALSE,0
302,Sep,224842,121493,Consumer,Fish,Mixture,9,Onmy,135,30.7,9.00E+14,-30.01273,-29.18434,38.69286,10.17266,10.8629,3.56193,TRUE,0.82839
303,Sep,224843,121494,Consumer,Fish,Mixture,9,Onmy,200,99.5,9.00E+14,-25.08185,-25.08185,35.42897,10.88391,10.51965,3.36789,FALSE,0
305,Sep,224845,121496,Consumer,Fish,Mixture,9,Onmy,191,90.9,9.00E+14,-24.27342,-24.27342,30.64405,10.76439,8.94705,3.42504,FALSE,0
306,Sep,224846,121497,Consumer,Fish,Mixture,9,Onmy,118,18.3,9.00E+14,-29.06793,-29.06793,38.32972,9.65759,11.30123,3.39164,FALSE,0
307,Sep,224847,121498,Consumer,Fish,Mixture,9,Onmy,222,123.3,9.00E+14,-25.42108,-25.42108,33.99281,10.72472,9.82394,3.4602,FALSE,0
308,Sep,224848,121499,Consumer,Fish,Mixture,9,Onmy,132,24.3,9.00E+14,-29.8395,-29.8395,38.40318,8.94671,11.2564,3.41168,FALSE,0
309,Sep,224849,121500,Consumer,Fish,Mixture,9,Onmy,196,91.5,9.00E+14,-26.95959,-26.95959,35.84596,10.5808,10.28872,3.48401,FALSE,0
310,Sep,224850,121501,Consumer,Fish,Mixture,9,Onmy,175,67.2,9.00E+14,-25.0036,-25.0036,33.21536,11.14169,10.07569,3.29658,FALSE,0
312,Sep,224852,121503,Consumer,Fish,Mixture,9,Onmy,135,29.3,9.00E+14,-27.37811,-27.37811,38.05197,10.14472,11.19829,3.39802,FALSE,0
313,Sep,224853,121504,Consumer,Fish,Mixture,9,Onmy,185,80.4,9.00E+14,-27.21264,-27.21264,36.69177,10.43969,10.56379,3.47335,FALSE,0
314,Sep,224854,121505,Consumer,Fish,Mixture,9,Onmy,143,37,9.00E+14,-27.61725,-27.61725,38.50233,10.60069,11.19785,3.43837,FALSE,0
315,Sep,224855,121506,Consumer,Fish,Mixture,9,Onmy,122,20.4,9.00E+14,-28.50513,-28.50513,40.44961,9.87898,11.93495,3.38917,FALSE,0
317,Sep,224857,121509,Consumer,Fish,Mixture,9,Onmy,127,22.4,9.00E+14,-27.46785,-27.46785,39.84294,9.77881,12.03889,3.30952,FALSE,0
319,Sep,224859,121511,Consumer,Fish,Mixture,9,Onmy,214,115.5,9.00E+14,-26.93789,-26.93789,40.48776,10.18611,12.08839,3.34931,FALSE,0
320,Sep,224860,121512,Consumer,Fish,Mixture,9,Onmy,125,23.1,9.00E+14,-27.17253,-27.17253,43.00405,9.65907,13.02109,3.30265,FALSE,0
321,Sep,224861,121513,Consumer,Fish,Mixture,9,Onmy,125,22.8,9.00E+14,-28.7277,-28.7277,38.54702,8.97828,11.29348,3.41321,FALSE,0
322,Sep,224862,121514,Consumer,Fish,Mixture,9,Onmy,119,19.7,9.00E+14,-28.67504,-27.59883,41.52511,9.11675,10.54591,3.93755,TRUE,1.07621
323,Sep,224863,121515,Consumer,Fish,Mixture,9,Onmy,126,25.6,9.00E+14,-28.91356,-28.91356,35.18686,10.04552,10.21042,3.44617,FALSE,0
325,Sep,224865,121517,Consumer,Fish,Mixture,9,Onmy,128,24.1,9.00E+14,-27.6614,-27.6614,40.9895,9.48779,12.50036,3.27907,FALSE,0
328,Sep,224868,121522,Consumer,Fish,Mixture,9,Onmy,188,70.5,9.00E+14,-25.72604,-25.72604,32.28913,11.64876,9.76298,3.3073,FALSE,0
329,Sep,224869,121523,Consumer,Fish,Mixture,9,Onmy,204,106.5,9.00E+14,-26.12696,-26.12696,34.76803,11.2996,10.68103,3.25512,FALSE,0
330,Sep,224870,121524,Consumer,Fish,Mixture,9,Onmy,187,80.2,9.00E+14,-28.31809,-28.31809,39.46673,10.14759,11.84268,3.33258,FALSE,0
331,Sep,224871,121525,Consumer,Fish,Mixture,9,Onmy,139,32,9.00E+14,-28.61207,-28.61207,39.12031,8.67223,11.67259,3.35147,FALSE,0
332,Sep,224872,121527,Consumer,Fish,Mixture,9,Onmy,143,33.1,9.00E+14,-27.75385,-27.75385,36.04939,10.66679,11.03142,3.26788,FALSE,0
334,Sep,224874,121529,Consumer,Fish,Mixture,9,Onmy,117,18.9,9.00E+14,-29.63813,-29.63813,35.20222,9.23527,10.11175,3.48132,FALSE,0
335,Sep,224875,121530,Consumer,Fish,Mixture,9,Onmy,124,21.7,9.00E+14,-27.55177,-27.55177,41.29022,9.39742,12.34737,3.34405,FALSE,0
336,Sep,224876,121531,Consumer,Fish,Mixture,9,Onmy,194,93.5,9.00E+14,-26.30594,-26.30594,40.00722,10.80863,11.87907,3.36787,FALSE,0
337,Sep,224877,121532,Consumer,Fish,Mixture,9,Onmy,205,101.1,9.00E+14,-26.21141,-26.21141,41.25698,10.92794,12.52606,3.29369,FALSE,0
338,Sep,224878,121533,Consumer,Fish,Mixture,9,Onmy,219,126.6,9.00E+14,-27.49209,-27.49209,40.05706,10.01674,11.77164,3.40284,FALSE,0
339,Sep,224879,121534,Consumer,Fish,Mixture,9,Onmy,181,71.8,9.00E+14,-25.12107,-25.12107,34.48677,10.38857,10.55129,3.26849,FALSE,0
340,Sep,224880,121535,Consumer,Fish,Mixture,9,Onmy,126,23.9,9.00E+14,-28.63752,-28.63752,36.89253,9.57998,10.77337,3.42442,FALSE,0
341,Sep,224881,121536,Consumer,Fish,Mixture,9,Onmy,222,141.2,9.00E+14,-26.76031,-26.76031,35.4887,10.93576,10.5532,3.36284,FALSE,0
343,Oct,189679,121631,Consumer,Fish,Mixture,10,Onki,159,41.9,9.00E+14,-26.63063,-26.63063,31.82543,12.4862,9.64795,3.29867,FALSE,0
344,Oct,212544,121653,Consumer,Fish,Mixture,10,Onki,157,43.6,9.00E+14,-27.67522,-27.67522,33.25561,12.67853,9.75785,3.40809,FALSE,0
345,Oct,189680,121655,Consumer,Fish,Mixture,10,Onki,158,43.1,9.00E+14,-24.95316,-24.95316,28.95008,12.12023,8.75455,3.30686,FALSE,0
346,Oct,189681,121660,Consumer,Fish,Mixture,10,Onki,162,41.7,9.00E+14,-24.29476,-24.29476,26.34911,12.16231,7.88858,3.34016,FALSE,0
347,Oct,189682,121664,Consumer,Fish,Mixture,10,Onki,152,45,9.00E+14,-26.11662,-26.11662,30.38333,12.31346,9.23647,3.28949,FALSE,0
348,Oct,189683,121665,Consumer,Fish,Mixture,10,Onki,173,57.2,9.00E+14,-22.63589,-22.63589,32.67891,13.64077,9.9373,3.28851,FALSE,0
349,Oct,189684,121681,Consumer,Fish,Mixture,10,Onki,179,60.4,9.00E+14,-24.76503,-24.76503,28.81429,12.22774,8.66571,3.32509,FALSE,0
350,Oct,189685,121713,Consumer,Fish,Mixture,10,Onki,166,51.2,9.00E+14,-23.66221,-23.66221,32.17468,12.64092,9.69993,3.317,FALSE,0
351,Oct,212545,121716,Consumer,Fish,Mixture,10,Onki,126,23.1,9.00E+14,-24.1305,-24.1305,29.03029,13.18641,8.7294,3.32558,FALSE,0
352,Oct,189686,121731,Consumer,Fish,Mixture,10,Onki,147,29,9.00E+14,-24.40868,-24.40868,24.44809,11.98417,7.76925,3.14678,FALSE,0
353,Oct,189687,121734,Consumer,Fish,Mixture,10,Onki,171,51.9,9.00E+14,-23.66176,-23.66176,30.59719,12.46552,9.42518,3.24633,FALSE,0
354,Oct,189688,121760,Consumer,Fish,Mixture,10,Onki,178,54.5,9.00E+14,-24.45104,-24.45104,29.78888,12.98159,9.24968,3.22053,FALSE,0
355,Oct,189689,121761,Consumer,Fish,Mixture,10,Onki,149,44.1,9.00E+14,-24.35112,-24.35112,27.0983,12.65472,8.33231,3.25219,FALSE,0
356,Oct,189690,121765,Consumer,Fish,Mixture,10,Onki,161,40.7,9.00E+14,-25.30606,-25.30606,27.70115,12.8529,8.48724,3.26386,FALSE,0
357,Oct,224964,121627,Consumer,Fish,Mixture,10,Onmy,147,40.9,9.00E+14,-24.94072,-24.14862,35.68434,10.75202,10.17371,3.5075,TRUE,0.7921
358,Oct,224965,121628,Consumer,Fish,Mixture,10,Onmy,119,20.5,9.00E+14,-28.35117,-28.35117,39.60974,9.79008,11.56931,3.42369,FALSE,0
359,Oct,224966,121629,Consumer,Fish,Mixture,10,Onmy,189,80.4,9.00E+14,-26.46964,-26.46964,38.72618,10.22781,11.36906,3.40628,FALSE,0
360,Oct,224967,121630,Consumer,Fish,Mixture,10,Onmy,216,124.9,9.00E+14,-25.47051,-25.47051,35.87384,10.63158,10.92685,3.28309,FALSE,0
362,Oct,224969,121633,Consumer,Fish,Mixture,10,Onmy,114,19,9.00E+14,-27.37322,-27.37322,37.31288,9.19146,10.97501,3.3998,FALSE,0
363,Oct,224970,121634,Consumer,Fish,Mixture,10,Onmy,200,103.7,9.00E+14,-25.29345,-25.29345,32.49934,11.59169,9.97944,3.25663,FALSE,0
364,Oct,224971,121635,Consumer,Fish,Mixture,10,Onmy,121,24.8,9.00E+14,-26.03056,-26.03056,39.84745,10.12202,11.56682,3.44498,FALSE,0
365,Oct,224972,121636,Consumer,Fish,Mixture,10,Onmy,145,40,9.00E+14,-26.42332,-26.42332,40.42178,10.20527,12.51497,3.22987,FALSE,0
366,Oct,224973,121637,Consumer,Fish,Mixture,10,Onmy,152,44.9,9.00E+14,-24.88466,-24.88466,40.00987,10.25366,11.62475,3.44178,FALSE,0
367,Oct,224974,121638,Consumer,Fish,Mixture,10,Onmy,202,104.4,9.00E+14,-24.17424,-24.17424,38.83593,11.14503,11.5583,3.36,FALSE,0
368,Oct,224975,121639,Consumer,Fish,Mixture,10,Onmy,119,23.6,9.00E+14,-27.23196,-27.23196,37.16692,9.83813,11.09931,3.34858,FALSE,0
369,Oct,224976,121640,Consumer,Fish,Mixture,10,Onmy,138,33.7,9.00E+14,-24.77874,-23.97843,37.53885,11.38071,10.66506,3.5198,TRUE,0.80031
370,Oct,224977,121641,Consumer,Fish,Mixture,10,Onmy,134,28.4,9.00E+14,-27.03078,-27.03078,32.68969,10.03594,9.6859,3.37498,FALSE,0
371,Oct,224978,121642,Consumer,Fish,Mixture,10,Onmy,126,26.3,9.00E+14,-27.13955,-27.13955,34.497,10.26621,10.07835,3.42288,FALSE,0
372,Oct,224979,121643,Consumer,Fish,Mixture,10,Onmy,117,20.4,9.00E+14,-27.60998,-26.78481,40.87869,9.89131,11.49216,3.55709,TRUE,0.82517
380,Oct,224989,121654,Consumer,Fish,Mixture,10,Onmy,209,115.2,9.00E+14,-24.38275,-24.38275,28.95027,12.1989,8.80691,3.28722,FALSE,0
381,Oct,224990,121656,Consumer,Fish,Mixture,10,Onmy,211,129.9,9.00E+14,-25.20142,-25.20142,36.24108,11.65767,11.1892,3.23893,FALSE,0
382,Oct,224992,121658,Consumer,Fish,Mixture,10,Onmy,211,113.6,9.00E+14,-27.70614,-27.70614,33.19269,10.51995,10.28087,3.22859,FALSE,0
383,Oct,224993,121659,Consumer,Fish,Mixture,10,Onmy,188,88,9.00E+14,-24.88763,-24.88763,31.168,10.41973,9.62262,3.23903,FALSE,0
384,Oct,224994,121661,Consumer,Fish,Mixture,10,Onmy,212,134.4,9.00E+14,-24.74115,-24.74115,34.64622,10.89446,10.54583,3.2853,FALSE,0
385,Oct,224995,121662,Consumer,Fish,Mixture,10,Onmy,152,44.4,9.00E+14,-27.86655,-27.86655,32.37812,10.91386,9.83927,3.2907,FALSE,0
386,Oct,224996,121663,Consumer,Fish,Mixture,10,Onmy,135,30,9.00E+14,-28.55515,-27.69466,40.79876,9.82709,11.30101,3.61019,TRUE,0.86049
390,Oct,225083,121759,Consumer,Fish,Mixture,10,Onmy,147,41.3,9.00E+14,-28.27077,-28.27077,30.77492,10.36942,9.51681,3.23374,FALSE,0
391,Oct,225084,121762,Consumer,Fish,Mixture,10,Onmy,115,19.2,9.00E+14,-28.31573,-28.31573,34.10983,9.67668,10.08186,3.38329,FALSE,0
392,Oct,225085,121763,Consumer,Fish,Mixture,10,Onmy,211,113.7,9.00E+14,-26.86603,-26.86603,38.33824,11.45785,11.45449,3.34701,FALSE,0
393,Oct,225086,121764,Consumer,Fish,Mixture,10,Onmy,156,45.2,9.00E+14,-27.74939,-27.74939,33.52497,10.39627,10.38225,3.22907,FALSE,0
394,Oct,225087,121766,Consumer,Fish,Mixture,10,Onmy,176,72.6,9.00E+14,-27.71393,-27.71393,36.39179,11.07858,11.02667,3.30034,FALSE,0
395,Oct,225088,121767,Consumer,Fish,Mixture,10,Onmy,231,153.2,9.00E+14,-25.94237,-25.94237,39.31666,10.84268,11.5234,3.4119,FALSE,0
396,Oct,225089,121768,Consumer,Fish,Mixture,10,Onmy,143,36.5,9.00E+14,-28.20179,-28.20179,33.9223,10.44215,10.37614,3.26926,FALSE,0
397,Oct,225090,121769,Consumer,Fish,Mixture,10,Onmy,204,102.2,9.00E+14,-24.4585,-24.4585,41.03407,11.1564,12.16664,3.37267,FALSE,0
398,Oct,225091,121770,Consumer,Fish,Mixture,10,Onmy,180,72.3,9.00E+14,-28.43594,-27.64104,33.4324,10.83978,9.52031,3.51169,TRUE,0.7949
399,Oct,225092,121771,Consumer,Fish,Mixture,10,Onmy,141,36.2,9.00E+14,-29.74882,-29.74882,30.8097,10.92809,9.39584,3.27908,FALSE,0
400,Oct,225093,121772,Consumer,Fish,Mixture,10,Onmy,222,131.7,9.00E+14,-24.89288,-24.89288,33.71341,11.70229,10.29249,3.27553,FALSE,0
401,Oct,225094,121773,Consumer,Fish,Mixture,10,Onmy,206,115.4,9.00E+14,-27.34348,-27.34348,35.48705,11.33694,10.65836,3.32951,FALSE,0
402,Oct,225095,121774,Consumer,Fish,Mixture,10,Onmy,150,43.5,9.00E+14,-27.08217,-27.08217,34.52495,10.07738,10.38253,3.32529,FALSE,0
403,Oct,225096,121775,Consumer,Fish,Mixture,10,Onmy,192,88.8,9.00E+14,-25.3928,-25.3928,34.60449,11.2501,10.43948,3.31477,FALSE,0
404,Oct,225097,121776,Consumer,Fish,Mixture,10,Onmy,220,120.9,9.00E+14,-24.9268,-24.9268,34.55573,11.90973,10.52343,3.28369,FALSE,0
405,Oct,225098,121777,Consumer,Fish,Mixture,10,Onmy,205,92.9,9.00E+14,-26.68637,-26.68637,39.08857,10.96005,11.45671,3.41185,FALSE,0
406,Oct,225099,121778,Consumer,Fish,Mixture,10,Onmy,208,103,9.00E+14,-26.04277,-26.04277,34.1082,11.14435,10.2387,3.3313,FALSE,0
407,Oct,225102,121781,Consumer,Fish,Mixture,10,Onmy,260,195.3,9.00E+14,-29.52672,-29.52672,38.17379,11.88186,11.22271,3.40148,FALSE,0
410,Oct,225110,121789,Consumer,Fish,Mixture,10,Onmy,116,17.7,9.00E+14,-30.35834,-30.35834,34.61852,10.21711,9.98309,3.46772,FALSE,0
412,Oct,225123,121802,Consumer,Fish,Mixture,10,Onmy,116,19.1,9.00E+14,-27.28841,-27.28841,32.68274,10.05472,10.0183,3.2623,FALSE,0
413,Oct,225124,121803,Consumer,Fish,Mixture,10,Onmy,137,30.5,9.00E+14,-28.59137,-28.59137,39.84339,10.2169,11.98926,3.32326,FALSE,0
414,Oct,225135,121814,Consumer,Fish,Mixture,10,Onmy,130,27.3,9.00E+14,-28.66517,-28.66517,32.70158,9.96479,9.72486,3.36268,FALSE,0
415,Oct,225136,121815,Consumer,Fish,Mixture,10,Onmy,199,97.4,9.00E+14,-24.7259,-24.7259,30.04638,11.98399,9.33375,3.21911,FALSE,0
416,Oct,225137,121816,Consumer,Fish,Mixture,10,Onmy,131,30.1,9.00E+14,-29.72348,-29.72348,34.20549,10.10627,10.36937,3.2987,FALSE,0
417,Oct,225138,121817,Consumer,Fish,Mixture,10,Onmy,210,115.7,9.00E+14,-28.23096,-28.23096,29.49706,11.26431,8.84941,3.33322,FALSE,0
418,Oct,225139,121818,Consumer,Fish,Mixture,10,Onmy,208,103,9.00E+14,-27.66458,-27.66458,40.14122,10.70527,12.29069,3.26598,FALSE,0
419,Oct,225140,121819,Consumer,Fish,Mixture,10,Onmy,195,89.4,9.00E+14,-29.18772,-29.18772,39.02852,10.35381,11.70564,3.33416,FALSE,0
420,Oct,225141,121820,Consumer,Fish,Mixture,10,Onmy,147,35,9.00E+14,-27.68838,-27.68838,34.99126,10.60233,10.46846,3.34254,FALSE,0
421,Oct,225142,121821,Consumer,Fish,Mixture,10,Onmy,245,171.4,9.00E+14,-27.99143,-27.99143,40.57789,10.73631,11.87904,3.41592,FALSE,0
422,Oct,225143,121822,Consumer,Fish,Mixture,10,Onmy,132,28.4,9.00E+14,-28.25071,-28.25071,36.36119,9.50695,10.8163,3.3617,FALSE,0
423,Oct,225144,121823,Consumer,Fish,Mixture,10,Onmy,177,66.2,9.00E+14,-26.97575,-26.97575,35.6736,10.69655,10.80859,3.30049,FALSE,0
424,Oct,225145,121824,Consumer,Fish,Mixture,10,Onmy,184,85.5,9.00E+14,-25.25073,-25.25073,32.51724,11.26326,9.9062,3.28251,FALSE,0
425,Oct,225146,121825,Consumer,Fish,Mixture,10,Onmy,174,64.5,9.00E+14,-26.81466,-26.81466,33.11751,10.99631,10.23319,3.23629,FALSE,0
426,Oct,225147,121826,Consumer,Fish,Mixture,10,Onmy,223,131.2,9.00E+14,-26.08213,-26.08213,30.46349,10.72286,9.44628,3.22492,FALSE,0
427,Oct,225149,121828,Consumer,Fish,Mixture,10,Onmy,212,107.5,9.00E+14,-26.12618,-26.12618,35.64008,11.7349,10.71964,3.32475,FALSE,0
429,Oct,225155,121834,Consumer,Fish,Mixture,10,Onmy,231,180.7,9.00E+14,-26.74287,-26.74287,35.36222,10.07237,10.59747,3.33685,FALSE,0
431,Oct,225168,121847,Consumer,Fish,Mixture,10,Onmy,114,19.9,9.00E+14,-29.35828,-29.35828,37.4298,9.42595,10.97694,3.40986,FALSE,0
436,Oct,225173,121852,Consumer,Fish,Mixture,10,Onmy,123,20.9,9.00E+14,-26.07129,-26.07129,32.45725,10.28075,9.68918,3.34985,FALSE,0
437,Oct,225176,121855,Consumer,Fish,Mixture,10,Onmy,124,20.3,9.00E+14,-30.76017,-30.76017,35.95623,9.18687,10.36939,3.46754,FALSE,0
438,Oct,225177,121856,Consumer,Fish,Mixture,10,Onmy,117,18.2,9.00E+14,-29.01772,-29.01772,38.4436,8.51833,11.34865,3.3875,FALSE,0
439,Nov,189705,123601,Consumer,Fish,Mixture,11,Onki,162,45,9.00E+14,-29.06974,-29.06974,30.13637,12.16525,8.72138,3.45546,FALSE,0
440,Nov,189706,123602,Consumer,Fish,Mixture,11,Onki,172,51.9,9.00E+14,-24.18859,-24.18859,28.96065,12.59726,8.81914,3.28384,FALSE,0
441,Nov,189707,123604,Consumer,Fish,Mixture,11,Onki,171,58,9.00E+14,-25.02473,-25.02473,27.2823,12.43328,8.47881,3.2177,FALSE,0
442,Nov,189708,123605,Consumer,Fish,Mixture,11,Onki,161,43.3,9.00E+14,-29.69688,-28.90535,38.17586,11.25348,10.88673,3.50664,TRUE,0.79153
443,Nov,189709,123606,Consumer,Fish,Mixture,11,Onki,152,38.6,9.00E+14,-26.84963,-26.84963,35.75072,11.78035,10.70498,3.33963,FALSE,0
444,Nov,189710,123607,Consumer,Fish,Mixture,11,Onki,182,70.4,9.00E+14,-25.10429,-25.10429,35.57518,13.38377,10.53967,3.37536,FALSE,0
445,Nov,189711,123608,Consumer,Fish,Mixture,11,Onki,180,64.2,9.00E+14,-27.92174,-27.92174,32.69023,12.18212,9.79754,3.33658,FALSE,0
446,Nov,189712,123609,Consumer,Fish,Mixture,11,Onki,156,47.3,9.00E+14,-27.92709,-27.92709,35.23898,11.91157,10.2914,3.42412,FALSE,0
447,Nov,189713,123610,Consumer,Fish,Mixture,11,Onki,155,36.3,9.00E+14,-28.19102,-28.19102,33.38509,11.85852,9.59782,3.4784,FALSE,0
448,Nov,189714,123614,Consumer,Fish,Mixture,11,Onki,160,43,9.00E+14,-26.29427,-26.29427,35.38939,12.17347,10.53414,3.35949,FALSE,0
449,Nov,189715,123618,Consumer,Fish,Mixture,11,Onki,180,56.1,9.00E+14,-25.69194,-25.69194,30.69199,12.81396,9.41018,3.26157,FALSE,0
450,Nov,213285,123619,Consumer,Fish,Mixture,11,Onki,171,52.5,9.00E+14,-27.16643,-27.16643,36.18994,12.10952,10.74503,3.36806,FALSE,0
451,Nov,189716,123634,Consumer,Fish,Mixture,11,Onki,172,48.8,9.00E+14,-27.72076,-27.72076,33.45904,12.84205,10.34845,3.23324,FALSE,0
452,Nov,189717,123645,Consumer,Fish,Mixture,11,Onki,172,55.3,9.00E+14,-29.81993,-29.81993,33.18211,11.74437,10.34018,3.20905,FALSE,0
453,Nov,189719,123731,Consumer,Fish,Mixture,11,Onki,159,37.8,9.00E+14,-27.61157,-27.61157,35.13294,12.83142,10.67995,3.28962,FALSE,0
454,Nov,225270,123603,Consumer,Fish,Mixture,11,Onmy,169,55.3,9.00E+14,-26.86635,-26.86635,35.96414,11.84205,10.62269,3.38559,FALSE,0
455,Nov,225271,123611,Consumer,Fish,Mixture,11,Onmy,212,123.5,9.00E+14,-24.2638,-24.2638,40.02638,12.28569,11.88452,3.36794,FALSE,0
456,Nov,225272,123612,Consumer,Fish,Mixture,11,Onmy,132,29.6,9.00E+14,-26.6557,-26.6557,37.77334,10.96757,11.28096,3.34842,FALSE,0
457,Nov,225273,123613,Consumer,Fish,Mixture,11,Onmy,209,107.1,9.00E+14,-26.89268,-26.89268,37.98862,11.64064,10.89444,3.48697,FALSE,0
458,Nov,225274,123615,Consumer,Fish,Mixture,11,Onmy,164,53.6,9.00E+14,-26.08301,-26.08301,38.56781,11.45577,11.84352,3.25645,FALSE,0
459,Nov,225275,123616,Consumer,Fish,Mixture,11,Onmy,222,145,9.00E+14,-27.85746,-27.85746,42.53533,11.53137,12.44465,3.41796,FALSE,0
460,Nov,225276,123617,Consumer,Fish,Mixture,11,Onmy,217,126.6,9.00E+14,-24.35539,-24.35539,35.55969,12.03754,10.77509,3.30018,FALSE,0
461,Nov,225277,123620,Consumer,Fish,Mixture,11,Onmy,212,121.2,9.00E+14,-27.32024,-27.32024,42.73055,11.48707,12.37137,3.45399,FALSE,0
462,Nov,225278,123621,Consumer,Fish,Mixture,11,Onmy,162,47.1,9.00E+14,-26.58084,-26.58084,38.2171,10.98176,11.41114,3.3491,FALSE,0
463,Nov,225279,123622,Consumer,Fish,Mixture,11,Onmy,201,100.5,9.00E+14,-24.27203,-24.27203,40.92978,11.90418,11.88569,3.44362,FALSE,0
464,Nov,225280,123623,Consumer,Fish,Mixture,11,Onmy,153,46.7,9.00E+14,-25.49938,-25.49938,38.43059,10.821,11.65259,3.29803,FALSE,0
465,Nov,225281,123624,Consumer,Fish,Mixture,11,Onmy,137,32.6,9.00E+14,-25.32188,-25.32188,39.92995,11.08556,12.06373,3.30992,FALSE,0
466,Nov,225282,123625,Consumer,Fish,Mixture,11,Onmy,138,33.6,9.00E+14,-27.13212,-27.13212,34.89614,10.56532,10.55564,3.30592,FALSE,0
467,Nov,225283,123626,Consumer,Fish,Mixture,11,Onmy,182,73.2,9.00E+14,-26.48917,-26.48917,36.7941,11.21788,10.91483,3.37102,FALSE,0
468,Nov,225284,123627,Consumer,Fish,Mixture,11,Onmy,226,130.6,9.00E+14,-24.29628,-24.29628,38.566,11.91316,11.49832,3.35406,FALSE,0
469,Nov,225301,123646,Consumer,Fish,Mixture,11,Onmy,212,112.2,9.00E+14,-28.24306,-28.24306,39.08319,11.09489,11.70327,3.33951,FALSE,0
470,Nov,225315,123660,Consumer,Fish,Mixture,11,Onmy,236,154,9.00E+14,-26.33281,-26.33281,41.75784,11.58751,12.14956,3.43698,FALSE,0
471,Nov,225325,123670,Consumer,Fish,Mixture,11,Onmy,160,52.2,9.00E+14,-27.59645,-27.59645,37.97101,10.43379,10.90075,3.48334,FALSE,0
472,Nov,225337,123682,Consumer,Fish,Mixture,11,Onmy,128,26.3,9.00E+14,-28.02624,-28.02624,41.35301,10.65468,12.44335,3.3233,FALSE,0
473,Nov,225339,123684,Consumer,Fish,Mixture,11,Onmy,241,183.7,9.00E+14,-26.09098,-25.29487,42.11824,10.64887,11.9875,3.51351,TRUE,0.79611
474,Nov,225367,123713,Consumer,Fish,Mixture,11,Onmy,160,49.2,9.00E+14,-27.9443,-27.9443,35.88979,10.58454,10.66204,3.36613,FALSE,0
475,Nov,225368,123714,Consumer,Fish,Mixture,11,Onmy,120,21.9,9.00E+14,-28.67324,-28.67324,38.43791,10.01481,11.76654,3.26671,FALSE,0
476,Nov,225382,123728,Consumer,Fish,Mixture,11,Onmy,360,505.8,9.00E+14,-24.61921,-24.61921,35.54036,12.53674,11.04565,3.21759,FALSE,0
477,Nov,225383,123729,Consumer,Fish,Mixture,11,Onmy,248,188.4,9.00E+14,-28.73446,-28.73446,37.19759,12.06005,11.00991,3.37855,FALSE,0
478,Nov,225384,123730,Consumer,Fish,Mixture,11,Onmy,178,70,9.00E+14,-29.47676,-29.47676,37.70539,10.43599,11.03384,3.41725,FALSE,0
479,Nov,225385,123732,Consumer,Fish,Mixture,11,Onmy,165,54.5,9.00E+14,-29.31254,-29.31254,40.90376,10.65633,11.69373,3.49792,FALSE,0
480,Nov,225386,123733,Consumer,Fish,Mixture,11,Onmy,155,49.5,9.00E+14,-29.0893,-29.0893,37.97393,10.46245,11.12738,3.41266,FALSE,0
481,Nov,225387,123734,Consumer,Fish,Mixture,11,Onmy,188,77.2,9.00E+14,-27.9495,-27.9495,39.97604,11.59118,11.66721,3.42636,FALSE,0
482,Nov,225388,123735,Consumer,Fish,Mixture,11,Onmy,242,173,9.00E+14,-26.11727,-26.11727,39.18366,11.11492,11.93729,3.28246,FALSE,0
483,Nov,225389,123736,Consumer,Fish,Mixture,11,Onmy,171,62.3,9.00E+14,-28.84863,-28.02556,41.33092,11.02186,11.62959,3.55394,TRUE,0.82307
484,Nov,225390,123737,Consumer,Fish,Mixture,11,Onmy,176,63,9.00E+14,-29.123,-29.123,40.10506,10.6199,11.70504,3.42631,FALSE,0
485,Nov,225391,123738,Consumer,Fish,Mixture,11,Onmy,199,99.1,9.00E+14,-28.34582,-28.34582,40.80397,11.76397,11.93981,3.41747,FALSE,0
486,Nov,225392,123739,Consumer,Fish,Mixture,11,Onmy,216,115,9.00E+14,-27.78814,-27.78814,38.74429,12.07366,11.32868,3.42002,FALSE,0
487,Nov,225393,123740,Consumer,Fish,Mixture,11,Onmy,214,108.5,9.00E+14,-30.1707,-30.1707,41.1507,10.47064,12.30109,3.34529,FALSE,0
488,Nov,225394,123741,Consumer,Fish,Mixture,11,Onmy,157,45.3,9.00E+14,-29.15287,-29.15287,40.83482,10.70914,12.29293,3.32181,FALSE,0
489,Nov,225395,123742,Consumer,Fish,Mixture,11,Onmy,200,91.3,9.00E+14,-27.61208,-26.81147,34.72423,11.66067,9.86414,3.52025,TRUE,0.80061
490,Nov,225396,123743,Consumer,Fish,Mixture,11,Onmy,163,54.2,9.00E+14,-28.74053,-28.74053,40.74562,10.36943,12.27727,3.31879,FALSE,0
491,Nov,225397,123744,Consumer,Fish,Mixture,11,Onmy,183,72.7,9.00E+14,-27.5761,-27.5761,42.97998,11.12271,12.71947,3.37907,FALSE,0
492,Nov,225398,123745,Consumer,Fish,Mixture,11,Onmy,165,50.5,9.00E+14,-29.42409,-29.42409,37.11006,10.95622,10.82612,3.42783,FALSE,0
493,Nov,225399,123746,Consumer,Fish,Mixture,11,Onmy,162,52.2,9.00E+14,-29.31828,-29.31828,38.94332,10.82913,12.07924,3.22399,FALSE,0
494,Nov,225400,123747,Consumer,Fish,Mixture,11,Onmy,195,97.1,9.00E+14,-28.88485,-28.88485,39.43181,11.02865,11.7368,3.35967,FALSE,0
495,Nov,225401,123748,Consumer,Fish,Mixture,11,Onmy,213,117.2,9.00E+14,-28.01175,-28.01175,39.3838,11.40809,11.59517,3.39657,FALSE,0
496,Nov,225402,123749,Consumer,Fish,Mixture,11,Onmy,186,78.7,9.00E+14,-27.25368,-27.25368,38.7148,11.52831,11.65646,3.32132,FALSE,0
497,Nov,225403,123750,Consumer,Fish,Mixture,11,Onmy,179,68.3,9.00E+14,-29.19272,-28.36879,39.53136,10.32255,11.11921,3.55523,TRUE,0.82393
498,Nov,225404,123751,Consumer,Fish,Mixture,11,Onmy,214,120.9,9.00E+14,-26.38533,-26.38533,40.29933,11.31884,11.9329,3.37716,FALSE,0
499,Nov,225405,123752,Consumer,Fish,Mixture,11,Onmy,215,115.9,9.00E+14,-27.85438,-27.85438,40.22406,11.38413,11.72515,3.43058,FALSE,0
500,Nov,225406,123753,Consumer,Fish,Mixture,11,Onmy,194,86.1,9.00E+14,-26.65251,-26.65251,39.05795,11.27026,11.41745,3.4209,FALSE,0
501,Nov,225407,123754,Consumer,Fish,Mixture,11,Onmy,258,200.6,9.00E+14,-27.78012,-27.78012,34.39932,11.43569,10.48523,3.28074,FALSE,0
502,Nov,225408,123755,Consumer,Fish,Mixture,11,Onmy,164,53.1,9.00E+14,-29.98261,-29.98261,40.68338,9.61111,12.26288,3.3176,FALSE,0
503,Nov,225409,123756,Consumer,Fish,Mixture,11,Onmy,182,67.7,9.00E+14,-29.16266,-29.16266,38.08713,11.14972,11.70318,3.25443,FALSE,0
504,Nov,225410,123757,Consumer,Fish,Mixture,11,Onmy,197,91,9.00E+14,-28.18454,-28.18454,39.73903,11.07976,12.04437,3.29939,FALSE,0
505,Nov,225411,123758,Consumer,Fish,Mixture,11,Onmy,144,35.5,9.00E+14,-29.6692,-29.6692,42.28484,9.5638,12.77935,3.30884,FALSE,0
506,Nov,225412,123759,Consumer,Fish,Mixture,11,Onmy,141,35.2,9.00E+14,-29.60565,-29.60565,37.04033,10.43346,11.07525,3.34442,FALSE,0
507,Nov,225413,123760,Consumer,Fish,Mixture,11,Onmy,157,43.7,9.00E+14,-29.4016,-29.4016,39.53249,10.59128,11.56135,3.41937,FALSE,0
508,Nov,225414,123761,Consumer,Fish,Mixture,11,Onmy,129,25.6,9.00E+14,-30.44921,-30.44921,40.96151,10.26342,11.72905,3.49231,FALSE,0
509,Nov,225415,123762,Consumer,Fish,Mixture,11,Onmy,171,57.7,9.00E+14,-31.22995,-31.22995,41.08853,10.42341,11.78744,3.48579,FALSE,0
510,Dec,189734,124745,Consumer,Fish,Mixture,12,Onki,184,68.6,9.00E+14,-21.57596,-21.57596,33.24273,13.74638,9.88665,3.36239,FALSE,0
511,Dec,189735,124746,Consumer,Fish,Mixture,12,Onki,181,68.5,9.00E+14,-26.30813,-26.30813,36.62869,13.204,10.6866,3.42754,FALSE,0
512,Dec,189736,124748,Consumer,Fish,Mixture,12,Onki,172,62.6,9.00E+14,-24.97798,-24.97798,36.27655,12.9284,10.46077,3.46787,FALSE,0
513,Dec,213287,124749,Consumer,Fish,Mixture,12,Onki,165,58.1,9.00E+14,-24.11415,-24.11415,29.48447,13.37325,8.95552,3.29232,FALSE,0
514,Dec,189737,124750,Consumer,Fish,Mixture,12,Onki,176,59.6,9.00E+14,-25.02318,-25.02318,28.95248,13.57331,8.86783,3.26489,FALSE,0
515,Dec,189738,124751,Consumer,Fish,Mixture,12,Onki,181,63.4,9.00E+14,-21.76122,-21.76122,30.67039,13.25844,9.06576,3.3831,FALSE,0
517,Dec,189739,124800,Consumer,Fish,Mixture,12,Onki,182,64.8,9.00E+14,-27.03143,-27.03143,33.81973,13.01481,10.02184,3.3746,FALSE,0
518,Dec,225587,124747,Consumer,Fish,Mixture,12,Onmy,160,47.7,9.00E+14,-23.83443,-22.97825,40.56974,12.63262,11.25779,3.6037,TRUE,0.85618
519,Dec,225588,124752,Consumer,Fish,Mixture,12,Onmy,181,69.4,9.00E+14,-23.13759,-23.13759,34.90276,12.84868,10.25138,3.40469,FALSE,0
520,Dec,225589,124753,Consumer,Fish,Mixture,12,Onmy,167,59.2,9.00E+14,-23.33501,-23.33501,35.53105,12.61561,10.28498,3.45466,FALSE,0
521,Dec,225590,124754,Consumer,Fish,Mixture,12,Onmy,152,44.5,9.00E+14,-22.25556,-22.25556,34.85119,13.0651,10.13224,3.43963,FALSE,0
522,Dec,225591,124755,Consumer,Fish,Mixture,12,Onmy,168,60.9,9.00E+14,-20.94507,-20.94507,40.79461,13.41583,11.76654,3.467,FALSE,0
523,Dec,225592,124756,Consumer,Fish,Mixture,12,Onmy,240,151.9,9.00E+14,-23.01743,-23.01743,39.60454,12.92069,11.55766,3.42669,FALSE,0
524,Dec,225593,124757,Consumer,Fish,Mixture,12,Onmy,245,187.8,9.00E+14,-22.63369,-22.63369,39.37363,12.88612,11.85196,3.32212,FALSE,0
525,Dec,225594,124758,Consumer,Fish,Mixture,12,Onmy,140,35.5,9.00E+14,-24.65599,-24.65599,37.05779,12.17776,10.66419,3.47497,FALSE,0
526,Dec,225595,124759,Consumer,Fish,Mixture,12,Onmy,155,47,9.00E+14,-25.08477,-25.08477,36.91108,12.0505,10.7184,3.44371,FALSE,0
527,Dec,225596,124760,Consumer,Fish,Mixture,12,Onmy,255,198.9,9.00E+14,-24.70397,-24.70397,42.49737,12.5946,12.62188,3.36696,FALSE,0
528,Dec,225597,124761,Consumer,Fish,Mixture,12,Onmy,161,50.3,9.00E+14,-25.4994,-25.4994,39.10736,11.96267,11.339,3.44893,FALSE,0
529,Dec,225598,124762,Consumer,Fish,Mixture,12,Onmy,196,86.2,9.00E+14,-25.58704,-25.58704,36.27584,12.45798,10.7346,3.37934,FALSE,0
530,Dec,225599,124763,Consumer,Fish,Mixture,12,Onmy,199,97.7,9.00E+14,-27.34393,-27.34393,35.39009,12.04658,10.65825,3.32044,FALSE,0
531,Dec,225600,124764,Consumer,Fish,Mixture,12,Onmy,380,0,9.00E+14,-24.58235,-24.58235,39.54146,12.90903,12.16057,3.25161,FALSE,0
532,Dec,225601,124766,Consumer,Fish,Mixture,12,Onmy,170,66.7,9.00E+14,-26.5107,-25.71832,39.08079,12.27056,11.14074,3.50792,TRUE,0.79238
533,Dec,225602,124767,Consumer,Fish,Mixture,12,Onmy,230,154.2,9.00E+14,-24.13148,-24.13148,35.39119,13.23563,10.59657,3.33987,FALSE,0
534,Dec,225603,124768,Consumer,Fish,Mixture,12,Onmy,255,173.5,9.00E+14,-24.80105,-24.80105,39.2162,12.39965,11.80922,3.32081,FALSE,0
535,Dec,225604,124769,Consumer,Fish,Mixture,12,Onmy,177,65.6,9.00E+14,-25.59213,-25.59213,31.72265,11.83522,9.7976,3.2378,FALSE,0
536,Dec,225606,124771,Consumer,Fish,Mixture,12,Onmy,207,106,9.00E+14,-23.25158,-23.25158,38.7519,12.14079,11.44335,3.38641,FALSE,0
537,Dec,225609,124773,Consumer,Fish,Mixture,12,Onmy,149,40.7,9.00E+14,-24.19452,-24.19452,37.75795,12.3747,10.89377,3.46601,FALSE,0
539,Dec,225611,124776,Consumer,Fish,Mixture,12,Onmy,163,53.9,9.00E+14,-22.84537,-22.84537,39.22738,12.63899,11.39654,3.44204,FALSE,0
540,Dec,225614,124779,Consumer,Fish,Mixture,12,Onmy,174,61.4,9.00E+14,-25.87089,-25.87089,38.1255,12.11626,11.1221,3.4279,FALSE,0
541,Dec,225615,124780,Consumer,Fish,Mixture,12,Onmy,170,62,9.00E+14,-25.38974,-24.59769,40.52209,11.7067,11.55326,3.50742,TRUE,0.79205
542,Dec,225618,124783,Consumer,Fish,Mixture,12,Onmy,211,118.5,9.00E+14,-27.89463,-27.89463,37.23876,11.70815,11.29518,3.29687,FALSE,0
543,Dec,225626,124791,Consumer,Fish,Mixture,12,Onmy,200,94,9.00E+14,-26.78476,-26.78476,36.42766,11.54273,10.60649,3.43447,FALSE,0
544,Dec,225627,124792,Consumer,Fish,Mixture,12,Onmy,203,94.5,9.00E+14,-25.34449,-25.34449,40.18891,12.52633,11.63062,3.45544,FALSE,0
545,Dec,225628,124793,Consumer,Fish,Mixture,12,Onmy,211,113.1,9.00E+14,-26.02739,-26.02739,34.77645,12.45592,10.35306,3.35905,FALSE,0
546,Dec,225629,124794,Consumer,Fish,Mixture,12,Onmy,210,107.8,9.00E+14,-27.99737,-27.99737,38.02656,11.48881,11.30643,3.36327,FALSE,0
547,Dec,225630,124795,Consumer,Fish,Mixture,12,Onmy,201,98.6,9.00E+14,-27.22734,-27.22734,40.09027,11.95785,11.47908,3.49246,FALSE,0
548,Dec,225631,124796,Consumer,Fish,Mixture,12,Onmy,206,101.7,9.00E+14,-26.53776,-26.53776,41.13096,12.14688,12.07725,3.40566,FALSE,0
549,Dec,225632,124797,Consumer,Fish,Mixture,12,Onmy,186,78.7,9.00E+14,-25.61482,-25.61482,42.11708,12.46433,12.09471,3.48227,FALSE,0
550,Dec,225633,124798,Consumer,Fish,Mixture,12,Onmy,218,130.4,9.00E+14,-29.08706,-29.08706,39.36841,11.3685,11.25021,3.49935,FALSE,0
551,Dec,225634,124799,Consumer,Fish,Mixture,12,Onmy,245,161.3,9.00E+14,-26.70456,-26.70456,41.93953,12.07568,12.40168,3.38176,FALSE,0
552,Dec,225635,124801,Consumer,Fish,Mixture,12,Onmy,221,146.1,9.00E+14,-24.71132,-24.71132,40.48505,12.55469,11.70691,3.45822,FALSE,0
553,Dec,225636,124802,Consumer,Fish,Mixture,12,Onmy,253,163.1,9.00E+14,-24.27058,-24.27058,38.52681,12.40763,11.5803,3.32693,FALSE,0
554,Dec,225637,124803,Consumer,Fish,Mixture,12,Onmy,216,114.2,9.00E+14,-26.66538,-26.66538,38.31414,11.47743,11.28532,3.39504,FALSE,0
555,Dec,225638,124804,Consumer,Fish,Mixture,12,Onmy,280,182.5,9.00E+14,-25.42049,-25.42049,43.96532,13.20842,12.85243,3.42078,FALSE,0
556,Dec,225639,124805,Consumer,Fish,Mixture,12,Onmy,206,107.2,9.00E+14,-21.01371,-21.01371,38.03084,13.22046,11.12536,3.41839,FALSE,0
557,Dec,225640,124806,Consumer,Fish,Mixture,12,Onmy,224,128.5,9.00E+14,-27.72839,-27.72839,38.58239,11.78461,11.18789,3.44858,FALSE,0
558,Dec,225641,124807,Consumer,Fish,Mixture,12,Onmy,186,76.1,9.00E+14,-24.12108,-23.33064,38.79233,12.40421,11.06769,3.50501,TRUE,0.79044
559,Dec,225642,124808,Consumer,Fish,Mixture,12,Onmy,248,178.3,9.00E+14,-29.4416,-29.4416,37.41635,11.76327,10.91122,3.42916,FALSE,0
560,Dec,225643,124809,Consumer,Fish,Mixture,12,Onmy,212,115,9.00E+14,-25.55648,-25.55648,29.74445,11.41925,9.26271,3.2112,FALSE,0
561,Dec,225644,124810,Consumer,Fish,Mixture,12,Onmy,184,72.7,9.00E+14,-28.4001,-28.4001,34.88025,10.89087,10.23226,3.40885,FALSE,0
562,Dec,225645,124811,Consumer,Fish,Mixture,12,Onmy,202,94.3,9.00E+14,-28.01523,-28.01523,33.20795,10.95306,10.09608,3.28919,FALSE,0
563,Dec,225646,124812,Consumer,Fish,Mixture,12,Onmy,200,99.5,9.00E+14,-25.76163,-25.76163,38.88536,11.94915,11.29948,3.44134,FALSE,0
564,Dec,225647,124813,Consumer,Fish,Mixture,12,Onmy,237,158.9,9.00E+14,-23.23073,-23.23073,38.84331,12.69285,11.57253,3.35651,FALSE,0
565,Dec,225648,124814,Consumer,Fish,Mixture,12,Onmy,233,141.6,9.00E+14,-24.06696,-24.06696,34.4495,12.18393,10.42664,3.30399,FALSE,0
566,Dec,225649,124815,Consumer,Fish,Mixture,12,Onmy,177,67.6,9.00E+14,-27.70053,-27.70053,36.5725,11.82254,10.74031,3.40516,FALSE,0
567,Dec,225650,124816,Consumer,Fish,Mixture,12,Onmy,238,154.1,9.00E+14,-26.16639,-26.16639,35.88966,12.09021,10.59483,3.38747,FALSE,0
568,Dec,225653,124819,Consumer,Fish,Mixture,12,Onmy,178,65.5,9.00E+14,-26.16619,-26.16619,40.24948,11.81917,11.87705,3.38885,FALSE,0
569,Dec,225659,124825,Consumer,Fish,Mixture,12,Onmy,175,63.2,9.00E+14,-26.39684,-26.39684,20.97329,11.70837,6.28359,3.33779,FALSE,0
570,Dec,225660,124826,Consumer,Fish,Mixture,12,Onmy,255,163.7,9.00E+14,-28.10343,-28.10343,36.84649,10.85401,10.84939,3.39618,FALSE,0
571,Dec,225672,124838,Consumer,Fish,Mixture,12,Onmy,208,112.9,9.00E+14,-23.32037,-23.32037,40.69497,12.92041,12.25142,3.32165,FALSE,0
572,Dec,225673,124839,Consumer,Fish,Mixture,12,Onmy,182,66.2,9.00E+14,-30.05237,-30.05237,35.8469,10.78959,10.47697,3.4215,FALSE,0
573,Dec,225674,124840,Consumer,Fish,Mixture,12,Onmy,228,134,9.00E+14,-26.88593,-26.88593,35.50726,11.93634,10.43578,3.40245,FALSE,0
574,Dec,225675,124841,Consumer,Fish,Mixture,12,Onmy,210,110,9.00E+14,-24.89663,-24.89663,33.89251,12.19136,10.1171,3.35002,FALSE,0
575,Dec,225676,124842,Consumer,Fish,Mixture,12,Onmy,170,46.3,9.00E+14,-22.67575,-22.67575,35.42726,14.66363,10.95602,3.23359,FALSE,0
576,Dec,225677,124843,Consumer,Fish,Mixture,12,Onmy,205,103.8,9.00E+14,-30.07409,-30.07409,34.16309,10.98855,10.33516,3.30552,FALSE,0
577,Dec,225678,124844,Consumer,Fish,Mixture,12,Onmy,221,118.8,9.00E+14,-25.27334,-25.27334,38.679,12.39406,11.37989,3.39889,FALSE,0
578,Dec,225679,124845,Consumer,Fish,Mixture,12,Onmy,238,143.9,9.00E+14,-28.45585,-28.45585,32.5317,11.35685,10.05562,3.23518,FALSE,0
579,Dec,225680,124846,Consumer,Fish,Mixture,12,Onmy,226,135.8,9.00E+14,-27.57237,-27.57237,37.5824,11.92635,10.87373,3.45626,FALSE,0
580,Dec,225681,124847,Consumer,Fish,Mixture,12,Onmy,160,47.9,9.00E+14,-24.0758,-24.0758,42.07105,12.21369,12.67294,3.31975,FALSE,0