"","Onki","Onmy"
"1",11.7373213412473,12.3446892442828
"2",8.86959589418438,15.9466343423499
"3",9.72390092875364,10.7099403862667
"4",11.4144447901226,9.78671935356007
"5",11.7044291020281,14.3671140807835
"6",7.02206146296986,11.6561709476149
"7",14.3293383985571,10.612151494579
"8",11.0665154920139,12.363798615413
"9",8.36156820226715,10.2903534001568
"10",8.76867801068902,13.5100483662608
"11",11.6619176121081,11.570855554398
"12",12.5018389953995,11.4578251623516
"13",10.3099674256367,15.6574502282987
"14",9.39301694860841,12.6478633625312
"15",10.5134232544854,11.5715695250402
"16",8.34955990239831,12.0377438241732
"17",10.5090186473649,12.6151582531528
"18",10.6131044412254,14.8946572432001
"19",10.4603526242347,15.0304232402139
"20",8.58776405013398,14.5602222027886
"21",9.97291010166885,11.7283285265409
"22",9.49015104807822,14.0880239837237
"23",10.4241841910831,16.8349607314423
"24",10.3395122918132,9.99315836555659
"25",9.80894391501918,11.5685083654135
"26",9.64286797100384,13.3437808150428
"27",11.3121156692658,17.2460745074359
"28",10.3145079577438,10.9851845936676
"29",13.5817643803572,10.5500145966073
"30",7.70835382521664,12.29053295727
"31",11.5420904458072,16.1515259419713
"32",9.6998453678663,11.9822322137356
"33",9.797827189926,12.1182218683998
"34",10.13233480141,10.4695874876865
"35",10.1967131229292,11.9870383798225
"36",8.59951519713085,8.53938566862868
"37",8.39718018045474,15.4562123648277
"38",9.7672791418758,12.4461227758542
"39",11.0532882967691,13.1327630818548
"40",9.04597620363142,12.3367872011484
"41",9.87589473714742,10.9663738158037
"42",11.8706046572047,13.1564433077594
"43",9.29510790667904,11.9357426288276
"44",11.5712397059738,14.5842485097443
"45",11.8992163044837,9.03449518680271
"46",11.1590755500196,10.9904469225382
"47",11.6694880941722,13.3242042767932
"48",13.4420154205011,13.2935013608573
"49",10.8020704118938,12.0439788966157
"50",11.0390986338489,11.6747196886103
"51",12.4448668864048,11.9719629769358
"52",10.4607738366787,13.2741505239671
"53",11.1448748995804,11.6004412407652
"54",11.1226165580612,11.7252528168519
"55",8.41252430641953,10.4674577206097
"56",13.2985247720125,12.6326132707795
"57",12.8146258808367,13.1251169854907
"58",12.5298116536626,11.2465641667624
"59",12.5515405159922,11.0144452592946
"60",11.0158275206121,13.0420748416222
"61",12.5955832183358,10.6382209848149
"62",9.47504069414154,14.5544332746857
"63",8.12550175300315,11.1051867152537
"64",10.4216166608406,14.1905838218416
"65",9.60843634554502,11.4398175810611
"66",12.7035617666534,12.9721092017543
"67",8.01644038919738,15.5373878189659
"68",10.9365187080976,11.9950603046991
"69",13.1208432888774,11.4797306983546
"70",9.4417874391179,13.3392509332164
"71",8.39746518440382,13.2016369307495
"72",10.0792444679262,11.4471355336957
"73",9.98571296512448,12.2669913313177
"74",12.2298869625541,13.5692039284571
"75",9.84727240738578,11.4916404399125
"76",10.0374230000573,11.7994752368048
"77",12.3688237629309,11.9754707159901
"78",9.00328645244726,11.0869829855081
"79",10.6517054167257,12.8216609236028
"80",11.0930105520987,10.6237338371515
"81",10.9949618166074,13.836299497301
"82",13.474942411285,10.4299637251159
"83",9.7524911023014,12.8339094798391
"84",13.6510372434459,10.1686769063917
"85",11.7023520116918,14.1435480997016
"86",8.88366846551727,13.842572376154
"87",12.5270314213023,11.8256088122175
"88",9.53215983761998,12.7918126399389
"89",12.1457918332193,13.6939246373143
"90",12.1566541959342,9.91920159855574
"91",12.4365544307087,11.1230237847183
"92",10.5905113204654,12.358376049103
"93",12.1967523039939,10.567403404185
"94",11.5219828826892,11.0063126770228
"95",14.6264021608266,9.57117848077781
"96",12.1078399129711,11.2464057621195
"97",9.32203530824199,14.9946066724933
"98",9.72132932502548,13.4063601346553
"99",9.12716957372279,10.1105875797971
"100",10.1332574644995,11.2555549076433
"101",12.8998372456901,13.2032542533439
"102",7.60017982658994,16.4501269270823
"103",8.94114207647376,13.1007154168372
"104",12.6905237726997,12.4017912676115
"105",9.24705121972322,11.504375471557
"106",9.09713189168346,12.9260081967228
"107",11.164866939379,12.5100709827452
"108",8.92561276375375,12.8278017329281
"109",14.6160291795477,10.6937741868293
"110",8.63262801006783,12.8956349553326
"111",7.99028867538113,12.5979314791383
"112",9.21822075640707,12.4694981245129
"113",11.7548309646278,15.9271060934014
"114",18.2833484582223,14.9620303237179
"115",9.15289157610738,11.7523183528605
"116",12.393801182578,15.9119451673703
"117",9.42101788155083,16.4901257385379
"118",10.7192742359441,10.9173539739925
"119",10.0073930329198,15.2329852479318
"120",8.53234149102536,10.826707468547
"121",13.2666061221755,12.0569925905037
"122",9.27057454199969,13.1956766114778
"123",8.28763046662293,14.3334995458606
"124",9.40773713130756,12.1156139175042
"125",11.4850027816231,10.7304730373821
"126",10.284863644809,11.8156855230595
"127",10.0714892700728,13.8574923855208
"128",9.7198049043012,14.2715816977934
"129",11.4183784777711,13.1996073406739
"130",8.22336791538242,15.1110757435318
"131",12.1467771090313,15.9542819941292
"132",10.671651921844,13.2108989479196
"133",10.360269512298,12.842909529913
"134",11.2042503574454,11.727498396267
"135",12.2165987050439,12.3260207337062
"136",7.98599026894876,11.28716906777
"137",10.791550717551,12.8803022642562
"138",10.1165128123242,12.0043847887369
"139",10.0649921270823,12.5451024738788
"140",11.1188409133743,10.5042321011381
"141",8.84148419621539,14.3208425603016
"142",9.81839043527636,11.6998613827861
"143",10.6852733271409,14.0928988892692
"144",10.9294186501223,9.81973555284119
"145",10.8331358197776,11.7220009827922
"146",9.95301387057934,10.359989297207
"147",8.91883885580762,16.4416533166501
"148",17.2929623416986,13.5270928983916
"149",12.3566383105386,13.1960819165312
"150",9.46379341972142,11.8185216986928
"151",14.5044733901308,16.861380131961
"152",11.8078867870808,11.0170370113489
"153",10.1885097808312,11.4420821532759
"154",12.4241907705764,9.08139816282866
"155",9.78702767830073,9.14725010627928
"156",11.9694028368695,11.1272608448724
"157",11.3928783980289,12.6986028346188
"158",8.89279301026799,12.7154388588636
"159",9.71737026322744,13.0074874605438
"160",8.11586722120641,13.090301207804
"161",9.64850214463956,10.1874390058419
"162",15.2095708710604,11.8856886925948
"163",8.86920714599859,11.0239995291125
"164",13.6701357030312,12.8186337292024
"165",9.49292723771864,12.1599463625746
"166",9.61386481547789,11.2505928804843
"167",9.32186179280618,12.9778104857387
"168",9.66603971064069,9.52152524050496
"169",10.238759514177,12.1497936693025
"170",13.7342878592631,13.1373831771856
"171",12.2883351445719,10.8355824748609
"172",15.1497273050726,13.0098210215579
"173",11.7191429753759,8.45407273011632
"174",8.85767836198476,11.698389573717
"175",8.65817730956043,12.8210912948142
"176",13.5602550231584,13.2295803310305
"177",9.72762419684192,11.3459054982303
"178",15.1906737344981,13.9819472540087
"179",12.5633144959356,14.922808807492
"180",11.9193884608169,12.6237399843707
"181",10.6187495263463,15.0249373925086
"182",10.8214244534818,13.430535601789
"183",10.2842743711201,11.4508889902701
"184",11.4124382529607,11.3117491714665
"185",11.5873155002134,15.8223235844141
"186",14.9507753123418,13.1749199662803
"187",9.6680299429656,10.4268541276983
"188",11.7168763367699,12.93573785438
"189",8.58268011292753,16.2653645751067
"190",10.5592164816849,10.6314697586522
"191",9.71862279384147,16.3601094285112
"192",10.523775802674,14.6605908179988
"193",10.8392682233843,13.4990840882346
"194",9.67353027925677,13.4825072429289
"195",12.1197248644415,15.2889624879725
"196",13.2199880244743,11.1851999707267
"197",9.38163795307243,10.0783148855986
"198",15.5011139223749,11.1707510849684
"199",7.64424985292061,11.8991665828152
"200",9.13661893758527,11.9904308658542
"201",8.50067896195999,14.1218709482386
"202",8.72629850553197,10.4836254598352
"203",9.00525032691811,13.500211447359
"204",9.33737371732303,10.2579724365004
"205",10.4812463171771,12.1421433692816
"206",13.5464931252621,14.7263765706818
"207",8.98463747205134,12.8992570658919
"208",9.87867908780606,13.4394947831194
"209",9.67386703233924,17.0080877707962
"210",9.65875223297649,10.9367680017637
"211",8.43888394219714,15.0357922931447
"212",9.24302586706757,12.1200950902922
"213",12.4354134572232,13.5670626847747
"214",10.3382152495013,13.5537927779089
"215",10.483404929602,14.6796339786917
"216",12.9245815254271,12.9602804927211
"217",9.9305262114575,14.5313559514303
"218",14.3348714057047,10.6484885198578
"219",9.33924433004365,12.8167550752413
"220",12.2294843492952,12.2270155345212
"221",10.3710751282012,12.0359239079038
"222",9.23526638217065,14.9540616150733
"223",9.65904102477573,13.5632054083278
"224",10.4270149735866,13.060916447315
"225",12.4689361059925,12.8555977981555
"226",8.68605593284758,11.8139958178193
"227",11.483855422028,11.2914227261721
"228",11.197098183493,12.6557612237967
"229",8.5455210816914,13.293091925748
"230",9.21174931960604,15.8565350676612
"231",10.4720883417966,11.1716287210108
"232",9.05426826207904,12.1536338357096
"233",10.1181402007046,15.124101018451
"234",9.90142184338736,16.0468994134555
"235",9.6217762727464,15.4932537454904
"236",9.24197011489028,14.6240419731106
"237",12.795509894968,13.2115792392456
"238",10.2047489843249,11.4281041497714
"239",8.9315800663491,12.4997407278498
"240",7.82262389063624,14.3787614822439
"241",10.7654852515173,14.1896348582524
"242",9.15437399509643,10.853929524873
"243",14.3646233060815,15.7005127251721
"244",10.738573619783,14.1399145071731
"245",13.2000456586707,9.90731193677546
"246",11.656026932865,13.7330784543144
"247",13.7213285522987,13.7058557331217
"248",9.48973401016557,13.6989195872385
"249",12.6678491614132,17.6812806699796
"250",10.1003841209029,11.1422233305201
"251",11.1673702353078,11.0013766603473
"252",12.0618687292243,12.6073491750664
"253",11.7444896317781,13.1063571870273
"254",9.30709892188088,14.7753960959293
"255",8.09512108465416,10.6880241362605
"256",10.883608509209,13.2533621761325
"257",15.6375905533533,17.163193713113
"258",8.64841185612251,14.5391913533771
"259",11.3521787773583,10.0159055564111
"260",11.1297339777199,12.5191902500139
"261",9.35347848939432,13.4808260314478
"262",11.3382932465172,11.2471819436479
"263",11.8561108716542,11.7426753236376
"264",10.5729804555827,11.7093336039149
"265",8.41822153455169,12.6293505644351
"266",8.75631732007412,14.3613222803739
"267",14.921964833354,12.8882517306644
"268",9.2858513504259,13.418230137016
"269",10.6851374736203,10.3589824214603
"270",9.02093897090072,13.9352514243732
"271",11.1114365394472,14.2019237214828
"272",11.9469604640137,11.6049188454627
"273",9.76302593823933,14.3346391226993
"274",8.74231515615327,12.3052686101784
"275",10.8724997717555,15.4397517955581
"276",10.815051159827,11.5944517145124
"277",10.1556957472447,11.7558594780344
"278",10.0512967433858,12.3559204862341
"279",9.06950985446975,13.1478404250741
"280",15.4931138348185,11.4797685903987
"281",10.6361155179889,11.7146699674264
"282",9.61701551855633,10.2511820985892
"283",11.1062817582373,12.1356748676756
"284",7.82324246300234,11.6700360764553
"285",14.4786411039007,13.6781716387659
"286",8.13150039366594,12.9667884001656
"287",11.9477353916394,14.8966562195564
"288",9.95003396457433,10.6362653026337
"289",10.3267561928769,13.7688608212627
"290",9.47853561595451,14.6610936130784
"291",8.33967151886178,10.5415540045274
"292",9.47533485671791,13.9306495093947
"293",15.8391680600263,13.187140901779
"294",10.4966705107759,13.4226660975887
"295",14.0921582763041,12.8795284036642
"296",12.7671143505018,11.9032107039608
"297",12.0830638264436,11.3709313247827
"298",9.50734936664399,13.3787913499995
"299",13.9150475158563,10.0404542903305
"300",8.71186248370284,14.5208575410922
"301",12.6990882109099,13.4499845007794
"302",8.7647396403392,13.6243589638623
"303",14.3993769446916,11.867222729852
"304",13.2942005609031,14.2298167663607
"305",11.8609103556055,13.917551196392
"306",11.5554848112975,11.8330989839466
"307",11.6069491032796,10.9290891797028
"308",14.6228997740417,14.1362118473832
"309",10.0667876060834,11.7012568885617
"310",10.7439826253671,13.3786545175643
"311",10.9027663748562,12.2177153860021
"312",8.50294563720506,13.406081581826
"313",14.0980010799697,10.8220712965468
"314",11.6212510257744,11.1158392407676
"315",10.0983716583684,13.5418734134086
"316",8.43511779980759,12.7173950045672
"317",13.6255804180479,14.339911840785
"318",8.44123936221559,13.0307112277769
"319",8.32671742715539,12.0276313919315
"320",9.2201109988134,11.1536715272185
"321",9.86820542270551,8.79449705377008
"322",11.3851692384853,11.3900657145914
"323",8.71111896911343,14.4951551942791
"324",11.4940009910249,13.2699717848256
"325",11.8146588141356,14.3241055132486
"326",11.9877766659254,13.4013880279816
"327",12.5495701711982,11.7709798928617
"328",8.56886650942137,13.2372957579727
"329",11.1101261398518,12.6310650810925
"330",8.81134496841703,12.8263409134897
"331",9.01825184936824,16.4677058150736
"332",12.1975588919553,10.6980088582892
"333",11.2291906901983,12.5178697706675
"334",12.9064895331066,14.7799127634101
"335",11.7924185696416,12.0178665738643
"336",16.4496849651487,13.5566075374719
"337",10.6248259828959,14.5814684693885
"338",13.8815690057622,12.5041476507854
"339",10.0604526399096,14.0303275403625
"340",10.9707759162691,11.8950836324598
"341",11.1269963611117,9.79326636957606
"342",12.8637633856905,11.4961055089495
"343",9.978440941471,12.7944120411133
"344",14.8943301216594,13.1680840608254
"345",13.8995196904561,11.8409227292665
"346",12.9585931179328,12.6382555569375
"347",12.1846766305355,14.3114283194927
"348",11.0123145167161,12.2947891289659
"349",11.7951804966413,13.4121408716859
"350",10.9774985650115,12.0455715203699
"351",12.6707163668024,11.0536094997671
"352",10.9877161488036,13.6216706795443
"353",11.6830255738138,11.9827004273577
"354",14.9629990181886,10.7168407772476
"355",10.4200837261361,11.0398773841288
"356",13.2307798181523,9.98776188153222
"357",8.5606419982185,14.0378232766617
"358",12.7367278553696,15.1049360250644
"359",12.4922111082705,15.6882400790339
"360",8.30706001397526,12.2990579906272
"361",14.4963966906413,13.561851243991
"362",7.93935342032018,12.4330715018063
"363",11.5265628015851,12.5665617727343
"364",7.3891285135351,14.6831205972436
"365",10.2245064489141,13.8730504603082
"366",9.52845938508307,10.8621498069677
"367",11.3295988635649,15.146250676088
"368",12.2825425029722,14.2780991284246
"369",10.2680650363115,12.6099220568967
"370",11.2180149805972,13.6197120515738
"371",9.35136739388142,13.8209556022688
"372",10.2100419738643,12.0056692949653
"373",13.0556484829072,12.9312511933545
"374",10.6532254509649,14.1912185186496
"375",10.5761038087411,13.4676949628371
"376",12.1864951384928,13.6831482602664
"377",8.74492513314931,14.5654071075737
"378",11.7665248020938,11.4451209996258
"379",9.41287201797266,16.9104766430452
"380",8.40669489077129,12.1572853645275
"381",11.7408112902659,12.4665375529483
"382",10.0194257821938,10.9430274125932
"383",9.54157696210617,15.503852304907
"384",12.4440527003775,10.9279897663951
"385",13.545615216367,11.6640079289943
"386",9.2562229993165,13.7021046436158
"387",8.06391708026228,12.2644639068027
"388",9.85882906560448,10.6217394524715
"389",13.8251425939204,12.9936423322151
"390",11.2189650669644,13.6688574448
"391",13.8125428901202,13.5421094836222
"392",9.546248458836,14.1041406897837
"393",9.45189855615205,13.6283989256261
"394",9.43484729472135,13.4554125881758
"395",9.8587891418537,10.1898913213338
"396",12.0407202559546,12.4283682905201
"397",11.405140649991,11.3062144883679
"398",9.44846359862811,13.3324913439087
"399",12.3144845085366,12.669026889931
"400",8.54479840417837,13.8659976359457
"401",10.1836455716825,14.3759763920798
"402",14.0595401179319,12.1361609167247
"403",12.163848286642,15.709519730132
"404",9.92838801177306,12.3772305469833
"405",14.2049589479668,12.6029326811196
"406",6.62403790740747,11.4152913016818
"407",12.7970091595932,10.9375625216643
"408",9.38881717821549,15.2303846609309
"409",10.3604313125815,14.333299183956
"410",8.8231086112898,14.3009134466264
"411",11.1264490569713,11.0032982400974
"412",12.6853341883985,13.9863959784803
"413",11.1699431654135,10.7381283740706
"414",10.8702020377997,14.4084613617232
"415",9.65818830905646,16.5309534932648
"416",9.97245862532466,14.7226915708578
"417",8.87125313227712,11.4400852244418
"418",13.4497760420262,9.06127815745509
"419",9.83667559347678,12.9566405608291
"420",14.5510845987647,11.9452666112664
"421",9.81984589503878,15.7084058502956
"422",8.42217514471984,11.8793909538686
"423",11.6448865020881,12.6625432381004
"424",10.7727626004028,13.4088267756033
"425",9.7394642005427,11.1596135529902
"426",10.7781943558981,12.198701201481
"427",7.49676992568547,14.33172743509
"428",10.9150765341699,15.306236901003
"429",9.29969853691522,10.9585232620649
"430",11.7894260213604,10.1649297045296
"431",10.340092335527,17.3857816264311
"432",8.90346005001455,12.2459950356744
"433",11.2432592594817,12.5112827426765
"434",14.9174290894166,12.5116947566701
"435",10.179398421816,10.3675638278732
"436",9.19428520196722,12.8716412738402
"437",12.4362057186821,11.883775576099
"438",10.7143372101289,15.1416677131505
"439",12.2301190788592,11.9050297107814
"440",11.0626296954246,11.5788896297991
"441",13.1948786452749,14.964884888037
"442",11.097491696125,12.5598212883301
"443",8.65675254226182,13.3070250182632
"444",11.0715391223948,11.5216676135512
"445",9.10169019632605,13.4688732868054
"446",12.0346336573922,14.0912093714307
"447",11.9442847649455,13.1315074217874
"448",10.8605591477807,11.3440982401393
"449",10.2306978356202,10.5426462811326
"450",10.2870948867371,16.0896086722116
"451",8.50987893830524,12.6230835954857
"452",10.0645956764524,14.8707691805887
"453",10.5285565849615,9.97714746315669
"454",11.5451275066681,10.0948736301594
"455",8.37644669283489,11.1706462850708
"456",10.6601492363246,12.4169823006816
"457",10.1095523903259,9.47664125852816
"458",8.7117694433983,12.6433922811055
"459",13.5903003294238,12.496699437806
"460",8.84948537781178,11.0105455030489
"461",9.08252327778174,9.34574323551961
"462",11.0467698449956,11.8636722877876
"463",13.2886427342539,13.3206857939107
"464",8.39368818358399,11.9459944709133
"465",9.58454121309227,12.5518235094655
"466",8.99738975780567,13.8420903957991
"467",10.7294931542924,10.7645382935558
"468",10.3881946101081,11.7583402831858
"469",9.98984898005904,14.1414427369163
"470",7.25824017687812,15.171832116842
"471",13.3815134437996,13.4401344991232
"472",10.3222681683826,11.9835069607114
"473",13.5759965418828,12.5867247573215
"474",10.0184819031437,12.554041159079
"475",14.8195217223274,12.5008212753651
"476",10.2929415727664,11.9197796449864
"477",10.3938096367222,12.119751780107
"478",11.672338806153,11.9985242367437
"479",9.21671833773315,12.7493609444973
"480",12.086705965858,12.7309315564476
"481",9.69630635117362,11.9250201713815
"482",10.3847040978861,13.8498257454087
"483",9.21594477492311,11.9401894342299
"484",11.2091232961863,11.3091747753038
"485",8.60784165844356,12.9572403412015
"486",13.7870923971345,11.536671641913
"487",11.0809439764652,14.528191065999
"488",12.9820673839232,9.86599789588918
"489",10.1640799865334,13.6477341113164
"490",10.1489000772922,12.7763721553394
"491",8.89688172693586,13.1403429167668
"492",12.4141405325552,10.5352568541414
"493",13.0336235373333,12.0785610682457
"494",10.089810266552,9.98778316065876
"495",10.2825996495382,10.2766352809701
"496",11.4858360624945,13.5807205799885
"497",11.8846528315306,14.0509545729167
"498",11.5658729011005,11.1599473349289
"499",13.8833022517014,12.2995720135143
"500",10.531636822457,10.2295571391103
"501",10.3452190799801,11.9946947892725
"502",8.42959278600438,13.0557521040564
"503",11.6971870351295,13.5302345465854
"504",11.5803908996608,10.3984098051599
"505",9.76531939847015,16.4791570515381
"506",8.31776743402935,18.9663244489866
"507",10.4301821222736,11.4445961849321
"508",8.83626140878792,12.9986769504539
"509",11.5766735732505,13.6327776888837
"510",11.9947361493243,14.7373062100099
"511",10.7310631542309,13.7682022404094
"512",13.0442078247346,10.7467205119302
"513",11.5922153755317,13.4867174125399
"514",8.15909172408627,12.1054291446556
"515",9.46423831050177,10.2650253756622
"516",10.8046435777506,11.15138602991
"517",10.1852388176069,12.326729029123
"518",9.0803953943546,12.8823626473387
"519",11.4286946551073,14.64742246146
"520",11.8871945588889,14.9205324664482
"521",9.70377048039883,12.6077185230095
"522",10.8780785147174,11.6457580356729
"523",9.25378580434563,13.0828967285467
"524",11.4125553014122,14.131681902772
"525",10.9902274478779,11.7961889020314
"526",9.90810596599962,11.2185617434264
"527",10.7897508246536,12.1678417551035
"528",8.39575021430961,12.1015903967116
"529",11.0907561226212,13.899104326979
"530",10.8700485649089,12.8435630338182
"531",10.4649752787295,11.448735820983
"532",10.7391999589933,11.8752627752312
"533",8.8917827223123,11.3017077554064
"534",16.4623347630138,13.007508085829
"535",9.9182149467787,15.2645889272819
"536",13.3837801857577,12.7371377076298
"537",14.6098260445271,14.2555123028857
"538",9.51007814533661,11.4153632153206
"539",10.154311362365,11.8328778004506
"540",9.15070675612707,12.4406259719612
"541",9.29060626347123,15.3669795044323
"542",11.1592123478222,14.0779427919196
"543",10.443638615019,11.9856417103609
"544",8.50742662694006,12.6419496833907
"545",8.67793202749756,11.4470485241982
"546",9.07535907521896,9.46724463014804
"547",9.17255334659496,11.4415445265968
"548",10.248665817817,9.67980112350613
"549",12.4676225456718,13.1569585284773
"550",13.109768237689,14.0280568840375
"551",8.21407187333648,15.8273149464342
"552",11.3353510586878,15.4305977532125
"553",12.2303675047764,10.0395805414283
"554",9.6180222214139,11.6880270195219
"555",8.9494563500519,13.0487920501295
"556",8.33327097085493,11.9926082538597
"557",10.2138981261657,13.707539493696
"558",11.447969151496,11.304844627995
"559",10.1053778958765,14.9578717934511
"560",9.70292486581739,13.3027007055379
"561",11.2777806828468,13.2013980910648
"562",9.85118542466607,11.8865724570297
"563",10.5995519427667,10.0451345769466
"564",11.5187847917817,13.8384425068717
"565",8.74246457663681,12.2114497955721
"566",9.19897297164976,12.9123086796237
"567",9.45798866593833,13.2141164753072
"568",8.62609588947504,12.5028401896913
"569",12.7250998015128,11.6060567614598
"570",9.14752244584438,11.1933224267296
"571",10.9508721396325,12.8650155308943
"572",11.2586381382938,13.8594975719374
"573",9.25082787442467,13.114197187003
"574",9.40866592667209,13.5720745268857
"575",14.8640560659577,10.6495455221393
"576",9.9237917297924,12.3195859151947
"577",8.97338075834832,12.181989364002
"578",9.55086341069458,12.8556274456507
"579",10.409977625827,11.6458175789726
"580",10.1562551248913,15.0920561777593
"581",11.4026924610568,13.2684784561373
"582",11.3501593139268,12.2294367858899
"583",12.8163656672123,11.5231706728813
"584",11.8322004021533,14.0912739400581
"585",11.457495596511,12.7303852985639
"586",9.93609357049439,9.96822258645688
"587",9.46613020485405,13.382272119016
"588",10.1317280297571,11.5182673567971
"589",8.89050672296009,12.6188817533708
"590",12.5834672285504,18.0962550018728
"591",10.4130674032146,11.0517429965741
"592",10.2914700529423,14.700125987537
"593",10.4918808863047,13.7355622144585
"594",12.7812151779269,16.3060336517095
"595",11.1179075358283,14.1657673802413
"596",8.94216814772399,10.9762198564509
"597",12.7018196670415,14.5652551294132
"598",9.81001167210862,11.9581738530524
"599",11.7507199341484,12.5855913921283
"600",11.5522455110046,14.8544315082332
"601",14.0992015642183,13.4252433931404
"602",14.2239641622965,14.4312042626065
"603",8.8831191103557,14.0608916487576
"604",10.9386617756577,14.2067433195594
"605",9.31498367146316,12.3834941262276
"606",10.9144774875127,11.9856803574596
"607",12.2768402672711,13.6291079821515
"608",10.3264594974231,17.4616704792432
"609",8.77717436341432,11.3737861770937
"610",11.3999886412068,11.6370898277346
"611",13.4110012583842,14.3598887596204
"612",11.6311905373351,15.1730916398638
"613",11.1467147712339,11.9393553292125
"614",12.4441943696607,13.3353575914829
"615",9.48728976125655,12.8535728608302
"616",9.3781338006056,13.8789859993363
"617",8.66779694305979,13.9193979189834
"618",12.4085195586002,10.8296705104536
"619",10.9874354977967,8.72556488461121
"620",10.4308702433454,16.2852599247073
"621",9.44973506255768,11.3718307162975
"622",13.8882104725397,12.9869493974545
"623",9.7358771996697,10.1604823847076
"624",10.3631136702974,11.5445780819357
"625",8.99689244794825,12.8735794915546
"626",10.4696115314198,13.0787808521588
"627",9.50936299449432,11.7281146311537
"628",9.98628138919694,14.3700867401739
"629",11.4811123321669,12.0875019873786
"630",9.77120786264826,12.9842384331343
"631",9.67997924231332,15.4446833166415
"632",10.482445963069,12.4576782970675
"633",11.3444568007023,10.1718488609644
"634",9.22535547505125,14.0645375698803
"635",10.7832992615131,14.220808067271
"636",9.56870564477091,14.5641948433792
"637",6.98855102596192,13.0352277547218
"638",13.0703725511896,11.1990111137782
"639",11.4270007398969,10.9269198576211
"640",11.5102890931407,13.6503969384222
"641",9.42427406447909,11.5220885444404
"642",10.6125277538746,11.0432035931228
"643",9.55457792227532,13.9212422385622
"644",10.3554079471727,12.7146072701813
"645",8.715003357811,14.316094022543
"646",10.6701071196216,15.7394511491987
"647",9.72881569023198,11.4281876603086
"648",14.0184643430818,12.7077382463259
"649",13.1866609581192,15.0243154706426
"650",8.17242114726923,11.905817068483
"651",9.22829166198383,13.5281383841905
"652",12.3698203043692,12.6312028085368
"653",12.1237341490187,12.5357171319354
"654",12.3718558171894,13.4727388373736
"655",9.45661633753837,15.4371295279771
"656",10.2509707194651,13.4763943733677
"657",14.9208204244992,12.3498603781453
"658",9.89885779372808,11.5068513076925
"659",8.62183228510504,12.1655290938126
"660",8.76270989396015,12.4474766381726
"661",11.3919729179344,14.3916689141222
"662",11.7502200031889,13.077474238896
"663",10.3876962230508,11.0624472183765
"664",12.4005710105988,9.08922041202314
"665",7.92261313168963,12.6338261621154
"666",12.2480868060193,11.0377887775418
"667",9.89657729488243,10.2747770105067
"668",10.1062456590037,14.4678884934993
"669",10.6233685321559,12.7450045425809
"670",13.0639516416729,15.4577136496855
"671",9.90045984617141,12.8092408920207
"672",10.5519323418013,11.8336019368905
"673",10.5074609674,9.12367378842058
"674",11.3092615140512,13.2706446126197
"675",7.56034719533166,12.9660632460503
"676",10.9022001580546,9.50111559423681
"677",8.21721822169485,13.7545837413223
"678",11.2504591554079,11.5277573785646
"679",10.676854473841,13.5351867919946
"680",12.0894278843144,14.7721339101816
"681",10.098526353294,14.3896721480292
"682",10.3712419501272,14.2600493987886
"683",11.7208427125313,12.3549566305667
"684",11.364924991357,11.3013729331006
"685",11.4081475223234,11.3789111298198
"686",10.6861473117128,10.0470444587282
"687",11.9973920398546,11.8290333320526
"688",8.45998797144884,14.9751884911956
"689",13.7132314092076,12.8498117088392
"690",10.1803997971084,11.4675927837745
"691",11.989527501475,13.0438502819791
"692",12.0015257427605,12.1725485573477
"693",7.91640869469002,11.2438724250159
"694",8.20059629895091,11.6214610890669
"695",10.8780199584855,9.29602849081151
"696",10.4653693782312,14.3159197247198
"697",12.7417849809991,12.8490824737674
"698",9.81857737352109,10.6337748063632
"699",7.92863253376162,13.1277135994345
"700",11.8710339691315,10.9965640546467
"701",6.50591352759191,12.3498033407547
"702",10.4936738118492,12.4114420110064
"703",9.72617880009621,11.0003362691698
"704",8.01069299813577,12.8467182557073
"705",9.57582897646461,12.6801388702905
"706",11.2692290042452,11.5341589455572
"707",9.84741602828168,14.2730879510283
"708",9.23790943464924,11.4789686872975
"709",11.5765498633922,10.792659966002
"710",14.6383171515208,10.2294978198782
"711",11.0261030055477,13.9892563162413
"712",10.1824130786548,11.277355795491
"713",11.7594941252332,11.99529522002
"714",9.58769517943202,12.7323053646964
"715",9.86764405309682,16.1785472841704
"716",12.5331314769041,15.3103428626862
"717",10.417086116276,12.431871169148
"718",11.4974166684076,12.0463256201253
"719",8.08985547222112,12.9622978936527
"720",10.668724525543,8.63133901473373
"721",10.1392856675283,13.5660358132353
"722",8.72554639793592,11.3138247129576
"723",9.13910775959824,14.0773784032303
"724",9.41097461022673,13.4995498298185
"725",12.3715101781821,11.442640340747
"726",9.077119059638,12.4611502237719
"727",10.745062546918,13.476776912252
"728",10.8219886829414,11.4800061960056
"729",8.20067688588744,11.2970673671149
"730",13.5972914106045,10.2836516239276
"731",13.1407574345176,12.6992026045686
"732",9.45412549768355,11.3744823021564
"733",8.09205868142806,11.9816180095799
"734",11.0805715796211,12.3318975885726
"735",9.78235692886712,12.65418038241
"736",10.8459530835276,9.69684220012241
"737",11.3458468475311,14.2313046596113
"738",10.6204799584706,11.2516619368846
"739",11.5900228340316,12.2698947409237
"740",9.57406065782646,12.2066347569174
"741",13.6039310841454,17.0728961960038
"742",8.85908296906396,12.6677847665173
"743",12.1603518672298,13.7105165756902
"744",11.3794011600608,14.322357339417
"745",10.0014755339221,11.7349197467185
"746",10.9951277644542,14.0210580488813
"747",7.57585580826025,11.058183084885
"748",7.82250594122954,14.076097931906
"749",11.9019157004315,11.3220620591395
"750",11.3853961317429,12.9739382905008
"751",10.3197925429716,12.9122924964658
"752",10.8693866993808,15.4214523470305
"753",10.3079937692868,14.7851373214946
"754",10.9647798742825,11.1634629292023
"755",12.8911231150477,12.6361775143671
"756",12.716120998981,13.133297233621
"757",12.7894959430889,13.5049540537469
"758",12.9280439455814,13.4829273069453
"759",10.0688735995288,12.2802920030576
"760",7.81517025480093,12.3401939969904
"761",9.03556048955191,11.4586577487347
"762",12.9706203477662,11.6795057913683
"763",9.30936977108695,9.83291417207576
"764",15.4663348456474,13.2677084482863
"765",10.6414693513041,10.815640968132
"766",10.3664784156288,12.3268939543736
"767",9.94512987013342,11.7488130242982
"768",11.230823173749,15.4251992290368
"769",9.74876419600589,12.1756477563561
"770",11.2232390408539,13.8104643094505
"771",12.0693683810407,12.1334509056286
"772",9.85774089263349,12.3024471887855
"773",10.4919313410878,12.3443287608034
"774",11.8149689975284,11.4461740710514
"775",15.5218414017373,13.7158579972015
"776",9.78058909077091,15.6839569805576
"777",11.3407805145566,16.5856315266089
"778",10.9582341162229,11.0681362780954
"779",10.4417930400751,14.2672922663702
"780",10.4787665195784,12.3083411930703
"781",12.4428677262567,12.0121075440769
"782",10.924047354818,13.504547291062
"783",11.470528467782,15.7995972373167
"784",10.9504460530971,15.4053980132824
"785",10.1553636619079,13.2613215209307
"786",10.6605063560361,11.5037481756618
"787",9.20835038119138,12.0459747104151
"788",11.5032475675209,11.4791050299762
"789",13.131691022348,11.8544667238615
"790",10.1328244986648,15.7005331157687
"791",13.5345554431976,14.4604458519722
"792",9.41645519513843,13.4754190955249
"793",9.45321769563954,13.4942273565035
"794",14.1939893559608,11.5190327810347
"795",10.2652012923861,15.024192281484
"796",8.73610400152941,13.865075863607
"797",10.4696638588468,14.9996410463647
"798",8.56960573572313,14.8878360484536
"799",9.88256267876376,14.8755817378798
"800",10.286927662603,12.7700687748698
"801",9.2048786717276,12.7669602806874
"802",11.4032861233544,13.7128599535255
"803",9.32961817536877,11.5900976545937
"804",12.1919759274146,12.1684398377524
"805",7.50667249822983,10.7024655733878
"806",8.25768224617778,12.8474325938612
"807",11.398510610668,11.4306651191424
"808",10.9328936167485,10.5538523449074
"809",9.95492159611907,11.676981075579
"810",10.6858660248464,12.1919792279711
"811",9.7681496998449,12.5594070245136
"812",10.6109045281742,14.4385146372892
"813",11.7076916288552,10.7013873336771
"814",8.74360043043582,15.0341125470183
"815",11.1101306368503,13.8106159761551
"816",12.3662179232982,15.4722126959665
"817",14.4277723535028,12.5485304191535
"818",12.6616777166841,11.2818237971954
"819",10.4061548672401,11.2323813776765
"820",10.8090068637493,11.2256692975468
"821",12.153857129392,13.8976916353481
"822",9.96848972115745,15.2347071729891
"823",10.2627936762676,10.3572674175988
"824",9.30715205509616,15.543174075859
"825",12.0703374789972,15.4475497959311
"826",10.6714513744489,14.6877927375953
"827",8.90865749693583,18.3222288606192
"828",9.99912936530769,14.3437828000203
"829",10.0305151160707,13.0266833322295
"830",11.2476066469119,8.89960612665635
"831",14.3672116781016,13.0676074840158
"832",9.90788638541093,9.94301002473839
"833",10.4057402676946,15.2500269698449
"834",11.4431722599104,17.7942877247593
"835",8.78935768845644,12.8590255143651
"836",9.39641352186751,11.4303579462406
"837",9.40177456175682,13.8751975112677
"838",8.80524853237075,14.2315272790806
"839",13.8576501611786,10.9240523352579
"840",11.1426513220603,14.8202276357341
"841",10.730215737281,11.4493657083788
"842",10.8313752486734,13.1622104615913
"843",9.45884721686594,12.7379903660049
"844",10.7270362230025,10.4678623065245
"845",12.1907661488367,13.5858076035405
"846",11.2876591762709,13.09889537691
"847",12.5384269303541,11.6610866990435
"848",8.98023771873654,14.4356109211003
"849",10.0631823569134,13.3834917471388
"850",10.3469561549316,11.3323992133534
"851",8.11564994544951,10.7032143563478
"852",11.4298160968731,13.7918546252701
"853",11.6143593066913,10.0413134981113
"854",14.7883124310799,13.6537346083774
"855",14.2371015507745,11.5753195665676
"856",9.49774626766408,18.0251551948253
"857",8.92190180447439,17.1218002393006
"858",11.1419191514077,15.0463782520182
"859",10.1012397121978,17.2053765690923
"860",12.4913641905421,12.2036186188336
"861",9.59609356853534,13.5812990293538
"862",9.88198469549999,10.979264301774
"863",11.027236529429,16.9118397311471
"864",6.99380520095499,12.5117455114024
"865",9.28677674195303,10.8456829006855
"866",9.1165821284654,13.5407404936306
"867",9.38581182287426,11.1907987483297
"868",10.1497031160505,9.90981483833795
"869",9.64787349065024,12.5200880288808
"870",13.8381748329911,15.8293222505222
"871",13.8508715144928,11.3745912142117
"872",11.9459369282857,12.5621354403467
"873",11.1199784155842,9.2892697403183
"874",9.0353031948214,10.0631597039812
"875",11.6871812733146,11.0702857585379
"876",8.05307415098788,13.4111389182666
"877",10.402505622619,12.3886527610311
"878",11.2579250619177,13.8912785759122
"879",9.96246521672834,12.7790874303603
"880",8.64706979266444,13.9457330492905
"881",13.4665974853921,11.882818633585
"882",14.9322407421159,12.3386885561648
"883",10.6792479409098,11.7030730209654
"884",11.3896002128417,14.7696793694004
"885",10.2261404027308,10.8923597771466
"886",11.2010642329096,15.4276459121104
"887",11.5619266640618,14.0080245992642
"888",10.7690628761874,14.5745531899515
"889",10.383292904381,12.0077953950323
"890",8.76327503394587,10.2530116240042
"891",9.3515766012743,12.2217130344842
"892",9.45028909589222,11.3221483419831
"893",11.1766404317512,12.7877672668649
"894",12.9363268519262,11.6341529223669
"895",12.7523136363894,10.2413524591222
"896",12.4927222072389,11.3813936401315
"897",11.7906311647902,12.2954515789074
"898",12.0169922516286,11.806959114981
"899",8.73341689868579,9.66179522273472
"900",9.57800557595721,13.5623053385081
"901",14.9513552002301,13.489401856993
"902",10.6644556638071,9.449604678704
"903",11.9329095856081,12.3951089966425
"904",9.60816649820782,14.0005213292619
"905",11.9386814157148,13.1867656527799
"906",8.78020423840494,12.8383507132576
"907",12.2147946012112,11.2750625632221
"908",9.55444450515671,11.6209463172333
"909",11.4946901704256,13.7849326126583
"910",9.19809163884418,10.7795336065381
"911",10.3783565370327,12.2890302964264
"912",10.0122500663059,10.9966614149739
"913",10.9638273202411,14.2786832061316
"914",12.0554586045644,12.5475991643802
"915",13.2559780735875,12.8641839733769
"916",9.73644339969048,13.509976146646
"917",11.6355503264832,11.2887939002057
"918",10.8534816679943,12.6013341712127
"919",11.6466462495991,12.4349266954464
"920",11.0378830099879,10.0875619423792
"921",11.5495779104426,13.0079012349976
"922",8.34642571383084,13.2026784682592
"923",13.1685007392354,15.6417743357844
"924",12.0420506272103,13.7295435803042
"925",12.6511835589146,11.9664756536181
"926",8.40490553025008,13.4097556222207
"927",9.12623556236708,13.6627478693966
"928",15.7235872701668,13.5826099421084
"929",13.0656077779997,10.8617155120242
"930",14.8088990276734,17.3189547028398
"931",10.4173161313856,14.9049833141515
"932",12.9500358216291,12.857140134986
"933",12.5786298785132,12.5349681380363
"934",11.3560209915554,15.1484091576899
"935",12.4905612579634,10.5410003354767
"936",8.92795119701162,12.6462161740431
"937",12.4818900541744,10.4638739377768
"938",10.6003639085788,13.3144879513493
"939",12.6480783262551,16.4452787887758
"940",9.07254397349284,13.4004022358521
"941",11.7584771629193,13.4436687470149
"942",9.64294656578308,10.5551833162888
"943",12.3527587426724,13.8945665861657
"944",11.9997818798457,12.9529723042695
"945",9.05801329295783,12.8981822665548
"946",9.78657758837026,17.1097155349069
"947",11.4676399939116,11.8819821926182
"948",12.5002877125945,12.9414298555725
"949",9.20269580964426,13.5924780276732
"950",11.5175063307445,12.0870726710908
"951",9.89747754397691,10.6245474102738
"952",12.098995401618,11.4210497246482
"953",10.1196143546807,12.3856572616949
"954",12.9147376715558,15.6499743770872
"955",12.0416835723315,13.4609384211442
"956",8.48625083026369,13.3816562871534
"957",13.6607997352819,9.94976735093588
"958",7.67466567940064,12.6423905037082
"959",11.9515939432007,12.4384550191272
"960",8.29396597362756,12.7237965640405
"961",14.050634779382,13.1585641438588
"962",10.802215528761,11.9699523040117
"963",10.2667964857898,12.0769758897007
"964",9.52824288441722,13.3930685349631
"965",9.23613656302988,12.5315263950639
"966",8.89279797080917,12.9387089583303
"967",9.19161014239552,16.0588351985074
"968",11.6826250337758,11.52291716279
"969",8.26163256222268,13.7578666507476
"970",8.19635436971025,11.5461841600528
"971",11.2370870367032,12.7202412083639
"972",9.7475420769967,13.5004796269974
"973",12.4528010456747,12.0407261944192
"974",11.5784785876561,11.1575331409962
"975",11.0137487373945,11.0597258300023
"976",12.7851369005065,12.098021723053
"977",9.43847270219775,13.4419563624695
"978",6.77655851873312,13.5142382203972
"979",11.5653261729375,11.9618320756913
"980",10.3348459394214,11.2019212436751
"981",13.9467451937749,11.1264220166259
"982",10.5515303944352,12.3605990541606
"983",12.4214202968538,12.1993705162624
"984",12.1455846501485,10.8906734711186
"985",7.81467919247589,11.1643960728095
"986",11.5157159836834,13.8459239689444
"987",8.37670008899544,17.0357115175823
"988",8.61910782889784,12.5505926495619
"989",10.5102005675714,14.0767253616565
"990",9.04004089198335,10.6899997960505
"991",10.2214582474905,11.0360098987186
"992",11.7920686806229,13.5483623545313
"993",9.03279736868419,11.6358969212074
"994",10.6883411094571,14.2396701729359
"995",10.4550351049454,11.3361978874916
"996",11.2066735169391,14.2719543576896
"997",9.59983887989299,13.599505098805
"998",10.2863862277139,13.1086965348639
"999",11.8771774470318,11.6532102427
"1000",13.2919642117141,11.4390820343844
